organization_name,address,lat,lon,hours,phone,pet_friendly,wheelchair_accessible,storage_available,requires_id,harm_reduction,bypass_pathway,intake_preparation,occupancy_ratio,sector
Moss Park Warming Centre,"33 Howard St, Toronto",43.654,-79.3727,24/7 during extreme cold,416-338-4766,False,True,False,False,True,"If full, call Central Intake 416-338-4766 for alternate location.",Low-barrier 24/7 access. Bring only essentials. No alcohol inside.,0.55,Co-ed
Out of the Cold - Metro United Church,"56 Queen St E, Toronto",43.653,-79.3785,Mon/Wed/Fri 6PM-8AM (winter),416-363-9549,False,False,False,False,True,Seasonal — contact to confirm operational.,Bring ID if you have it. Dinner included. Safe and welcoming.,0.45,Co-ed
Sprott House Warming Room,"1110 Lawrence Ave W, North York",43.721,-79.462,Daily 6PM-9AM (extreme cold),416-249-4149,False,True,False,False,True,Activated by City of Toronto extreme cold protocol.,Walk-in. No registration required during cold alerts.,0.4,Co-ed
Salvation Army Toronto Tabernacle Respite,"393 Queen St W, Toronto",43.6479,-79.3987,Daily 8AM-8PM,416-598-2020,False,True,True,False,True,Day respite. Meals and rest area available.,Safe indoor seating available all day. Pets accommodated when space allows.,0.5,Co-ed
Good Shepherd Men's Hostel Respite,"412 Queen St E, Toronto",43.6516,-79.3638,24/7,416-869-3619,False,True,True,False,True,Men's respite service. Meals and beds available.,Walk-in for men. Dinner served at 6 PM.,0.65,Men
Sistering Women's Drop-In Respite,"962 Bloor St W, Toronto",43.6602,-79.4225,Mon-Sat 8AM-8PM,416-926-9762,False,True,False,False,True,Women-only safe respite space.,No men permitted. Safe and welcoming for trans women. Meals provided.,0.42,Women
Central Respite (Fred Victor),"145 Queen St E, Toronto",43.6536,-79.3717,24/7,416-364-8228,False,True,True,False,True,24-hour co-ed respite. Showers and meals available.,Walk-in. Low-barrier intake process.,0.58,Co-ed
Scarborough Respite Site,"2425 Eglinton Ave E, Scarborough",43.7301,-79.265,Daily 6PM-9AM (extreme cold),416-431-8200,False,True,False,False,True,East Toronto warming/respite. Activated during cold alerts.,Call ahead to confirm capacity. Central Intake: 416-338-4766.,0.35,Co-ed
Etobicoke Warming Centre,"379 The West Mall, Etobicoke",43.6505,-79.5445,During extreme cold only,416-394-8000,False,True,False,False,True,Etobicoke warming activated by City extreme cold protocol.,Bus accessible. No registration required.,0.3,Co-ed
Youth Without Shelter Respite,"6 Warrendale Ct, Etobicoke",43.7043,-79.5596,24/7 for youth,416-748-0110,False,True,True,False,True,Youth-specific respite. Ages 16-24 only.,No ID required. Meals provided. Safe space for all youth.,0.45,Youth
Downsview Winter Respite,"2811 Keele St, North York",43.7435,-79.4849,Daily 6PM-9AM (winter),416-638-6009,False,True,False,False,True,North York warming. Seasonal activation.,Walk-in. Blankets provided. Light refreshments.,0.28,Co-ed
Parkdale Respite (St. Felix),"25 Augusta Ave, Toronto",43.6527,-79.4018,Mon-Fri 9AM-5PM,416-203-1600,False,True,False,False,True,Daytime respite during business hours.,Quiet indoor space. Meals at 12:30 PM.,0.35,Co-ed
Regent Park Overnight Respite,"40 Oak St, Toronto",43.6572,-79.3627,Nightly 8PM-7AM,416-392-0310,True,True,True,False,True,Overnight low-barrier respite in Regent Park.,Pet-friendly. No registration. Blankets and light snacks.,0.5,Co-ed
Margaret's Housing and Community Support (Women's Respite),"4 Florence St, Toronto",43.6432,-79.4142,24/7 women,416-531-5141,False,True,False,False,True,Women and non-binary low-barrier respite.,Welcoming. No intake barriers. Call ahead if possible.,0.4,Women
Metro Hall Emergency Warming,"55 John St, Toronto",43.6473,-79.3899,During extreme cold — activated by City,311,False,True,False,False,True,City-operated emergency warming centre in Metro Hall.,Large capacity. Open during official City extreme cold alerts. Call 311 for status.,0.2,Co-ed
Church Of Jesus Christ,851 Ossington Ave,43.665042,-79.42613,Call ahead to confirm,,False,False,False,False,False,,Call ahead to confirm services are available.,0.0,Faith Community — Christian
Dufferin St Baptist Church,1219 Dufferin St,43.666082,-79.437693,Call ahead to confirm,,False,False,False,False,False,,Call ahead to confirm services are available.,0.0,Faith Community — Christian
700 Dovercourt Rd,700 Dovercourt Rd,43.659119,-79.428921,Call ahead to confirm,,False,False,False,False,False,,Call ahead to confirm services are available.,0.0,Faith Community — Christian
Dovercourt Baptist,1140 Bloor St W,43.659935,-79.43602,Call ahead to confirm,,False,False,False,False,False,,Call ahead to confirm services are available.,0.0,Faith Community — Christian
Belarusian Autocephalous,524 St Clarens Ave,43.660945,-79.442998,Call ahead to confirm,4165301025,False,False,False,False,False,,Call ahead to confirm services are available.,0.0,Faith Community — Christian
1326 Bloor St W,1326 Bloor St W,43.658429,-79.443364,Call ahead to confirm,4165371342,False,False,False,False,False,,Call ahead to confirm services are available.,0.0,Faith Community — Buddhist
1330 Bloor St W,1330 Bloor St W,43.658473,-79.443369,Call ahead to confirm,(416) 537-1342,False,False,False,False,False,,Call ahead to confirm services are available.,0.0,Faith Community — Buddhist
1307 Bloor St W,1307 Bloor St W,43.658075,-79.44349,Call ahead to confirm,4165359578,False,False,False,False,False,,Call ahead to confirm services are available.,0.0,Faith Community — Christian
1287 Bloor St W,1287 Bloor St W,43.65816,-79.442533,Call ahead to confirm,4165321197,False,False,False,False,False,,Call ahead to confirm services are available.,0.0,Faith Community — Christian
7 Croatia St,7 Croatia St,43.657654,-79.437091,Call ahead to confirm,4165363669,False,False,False,False,False,,Call ahead to confirm services are available.,0.0,Faith Community — Catholic
512 Dovercourt Rd,512 Dovercourt Rd,43.655365,-79.427397,Call ahead to confirm,,False,False,False,False,False,,Call ahead to confirm services are available.,0.0,Faith Community — Christian
631 Crawford St,631 Crawford St,43.660638,-79.420903,Call ahead to confirm,4165357700,False,False,False,False,False,,Call ahead to confirm services are available.,0.0,Faith Community — Christian
The Church Of St Mary Magdal,469 Manning Ave,43.65902,-79.413769,Call ahead to confirm,,False,False,False,False,False,,Call ahead to confirm services are available.,0.0,Faith Community — Christian
College Street United Church,456 College St,43.656616,-79.408366,Call ahead to confirm,4169293019,False,False,False,False,False,,Call ahead to confirm services are available.,0.0,Faith Community — Christian
297 College St,297 College St,43.657193,-79.40147,Call ahead to confirm,4166580137,False,False,False,False,False,,Call ahead to confirm services are available.,0.0,Faith Community — Buddhist
Bathurst United Church,427 Bloor St W,43.666039,-79.405708,Call ahead to confirm,4169214967,False,False,False,False,False,,Call ahead to confirm services are available.,0.0,Faith Community — Christian
Bloor St United Church,300 Bloor St W,43.667395,-79.402015,Call ahead to confirm,4169247439,False,False,False,False,False,,Call ahead to confirm services are available.,0.0,Faith Community — Christian
Covenant Christian House,455 Huron St,43.667758,-79.401438,Call ahead to confirm,4169232020,False,False,False,False,False,,Call ahead to confirm services are available.,0.0,Faith Community — Christian
288 Bloor St W,288 Bloor St W,43.667429,-79.401331,Call ahead to confirm,,False,False,False,False,False,,Call ahead to confirm services are available.,0.0,Faith Community — Bahai
11 Madison Ave,11 Madison Ave,43.667793,-79.402754,Call ahead to confirm,4169215066,False,False,False,False,False,,Call ahead to confirm services are available.,0.0,Faith Community — Buddhist
Church Of The Redeemer,162 Bloor St W,43.669129,-79.394011,Call ahead to confirm,,False,False,False,False,False,,Call ahead to confirm services are available.,0.0,Faith Community — Christian
Synagogue,465 Patricia Ave,43.784087,-79.444011,Call ahead to confirm,4162263700,False,False,False,False,False,,Call ahead to confirm services are available.,0.0,Faith Community — Jewish
55 Maitland St,55 Maitland St,43.664108,-79.381601,Call ahead to confirm,(416) 925-2699,False,False,False,False,False,,Call ahead to confirm services are available.,0.0,Faith Community — Buddhist
25 St Nicholas St,25 St Nicholas St,43.665649,-79.385626,Call ahead to confirm,(416) 925-4494,False,False,False,False,False,,Call ahead to confirm services are available.,0.0,Faith Community — Buddhist
22 Cecil St,22 Cecil St,43.657066,-79.395977,Call ahead to confirm,(416) 598-4596,False,False,False,False,False,,Call ahead to confirm services are available.,0.0,Faith Community — Buddhist
24 Cecil St,24 Cecil St,43.656952,-79.396153,Call ahead to confirm,,False,False,False,False,False,,Call ahead to confirm services are available.,0.0,Faith Community — Christian
204 Beverley St,204 Beverley St,43.65678,-79.395223,Call ahead to confirm,(416) 595-5233,False,False,False,False,False,,Call ahead to confirm services are available.,0.0,Faith Community — Buddhist
Toronto Chinese Presbyterian,177 Beverley St,43.655569,-79.394248,Call ahead to confirm,4169775625,False,False,False,False,False,,Call ahead to confirm services are available.,0.0,Faith Community — Christian
197 John St,197 John St,43.651537,-79.390964,Call ahead to confirm,4165984366,False,False,False,False,False,,Call ahead to confirm services are available.,0.0,Faith Community — Christian
Chinese Gospel Church,450 Dundas St W,43.653577,-79.396036,Call ahead to confirm,4169772530,False,False,False,False,False,,Call ahead to confirm services are available.,0.0,Faith Community — Christian
257 Euclid Ave,257 Euclid Ave,43.652703,-79.409875,Call ahead to confirm,4168641936,False,False,False,False,False,,Call ahead to confirm services are available.,0.0,Faith Community — Christian
300 Bathurst St,300 Bathurst St,43.650769,-79.405769,Call ahead to confirm,(416) 993-1940,False,False,False,False,False,,Call ahead to confirm services are available.,0.0,Faith Community — Buddhist
300 Bathurst St,300 Bathurst St,43.650769,-79.405769,Call ahead to confirm,(416) 603-8889,False,False,False,False,False,,Call ahead to confirm services are available.,0.0,Faith Community — Buddhist
300 Bathurst St,300 Bathurst St,43.650769,-79.405769,Call ahead to confirm,4166038889,False,False,False,False,False,,Call ahead to confirm services are available.,0.0,Faith Community — Buddhist
Church Of The Assumption,276 Bathurst St,43.650096,-79.405479,Call ahead to confirm,4166038049,False,False,False,False,False,,Call ahead to confirm services are available.,0.0,Faith Community — Christian
Chinese Grace Baptist Church,20 Claremont St,43.646929,-79.410164,Call ahead to confirm,,False,False,False,False,False,,Call ahead to confirm services are available.,0.0,Faith Community — Christian
573 Queen St W,573 Queen St W,43.647582,-79.401005,Call ahead to confirm,4165043563,False,False,False,False,False,,Call ahead to confirm services are available.,0.0,Faith Community — Christian
185 Niagara St,185 Niagara St,43.642071,-79.407002,Call ahead to confirm,,False,False,False,False,False,,Call ahead to confirm services are available.,0.0,Faith Community — Buddhist
Church Of The Epiphany & St Mark,201 Cowan Ave,43.640746,-79.432288,Call ahead to confirm,4165314037,False,False,False,False,False,,Call ahead to confirm services are available.,0.0,Faith Community — Christian
Bonar-Parkdale Presbyterian Church,250 Dunn Ave,43.64014,-79.434608,Call ahead to confirm,4165323729,False,False,False,False,False,,Call ahead to confirm services are available.,0.0,Faith Community — Christian
1000 Queen St W,1000 Queen St W,43.644435,-79.418719,Call ahead to confirm,,False,False,False,False,False,,Call ahead to confirm services are available.,0.0,Faith Community — Buddhist
1089 Queen St W,1089 Queen St W,43.643288,-79.422107,Call ahead to confirm,4165333241,False,False,False,False,False,,Call ahead to confirm services are available.,0.0,Faith Community — Christian
1120A Queen St W,1120A Queen St W,43.643451,-79.423481,Call ahead to confirm,(416) 533-3200,False,False,False,False,False,,Call ahead to confirm services are available.,0.0,Faith Community — Buddhist
1120A Queen St W,1120A Queen St W,43.643451,-79.423481,Call ahead to confirm,4165535838,False,False,False,False,False,,Call ahead to confirm services are available.,0.0,Faith Community — Christian
Northminster United Church,255 Finch Ave W,43.774407,-79.437589,Call ahead to confirm,4162257941,False,False,False,False,False,,Call ahead to confirm services are available.,0.0,Faith Community — Christian
2021 Lawrence Ave E,2021 Lawrence Ave E,43.745048,-79.29501,Call ahead to confirm,(416) 759-1721,False,False,False,False,False,,Call ahead to confirm services are available.,0.0,Faith Community — Christian
The Portuguese Assembly Of God Chruch,54 Moutray St,43.651654,-79.43513,Call ahead to confirm,4165399511,False,False,False,False,False,,Call ahead to confirm services are available.,0.0,Faith Community — Christian
Brock Ave Gospel Hall,311 Brock Ave,43.650371,-79.435611,Call ahead to confirm,4165371735,False,False,False,False,False,,Call ahead to confirm services are available.,0.0,Faith Community — Christian
North Toronto Chinese Baptist,98 Finch Ave W,43.778365,-79.423925,Call ahead to confirm,,False,False,False,False,False,,Call ahead to confirm services are available.,0.0,Faith Community — Christian
Hope United Church,2550 Danforth Ave,43.688261,-79.302196,Call ahead to confirm,(905) 621-0850,False,False,False,False,False,,Call ahead to confirm services are available.,0.0,Faith Community — Christian
56 Fern Ave,56 Fern Ave,43.645902,-79.442522,Call ahead to confirm,(416) 631-4260,False,False,False,False,False,,Call ahead to confirm services are available.,0.0,Faith Community — Buddhist
1A Howard Park Ave,1A Howard Park Ave,43.651825,-79.448746,Call ahead to confirm,,False,False,False,False,False,,Call ahead to confirm services are available.,0.0,Faith Community — Buddhist
33 High Park Gdns,33 High Park Gdns,43.648731,-79.457,Call ahead to confirm,4167663400,False,False,False,False,False,,Call ahead to confirm services are available.,0.0,Faith Community — Buddhist
240 Roncesvalles Ave,240 Roncesvalles Ave,43.645563,-79.449216,Call ahead to confirm,4165361755,False,False,False,False,False,,Call ahead to confirm services are available.,0.0,Faith Community — Christian
Emmanuel-Howard Park,214 Wright Ave,43.64562,-79.448918,Call ahead to confirm,,False,False,False,False,False,,Call ahead to confirm services are available.,0.0,Faith Community — Buddhist
St Casmirs Roman Catholic,150 Roncesvalles Ave,43.643804,-79.448438,Call ahead to confirm,4165322822,False,False,False,False,False,,Call ahead to confirm services are available.,0.0,Faith Community — Catholic
St Puis Church,2305 Bloor St W,43.650196,-79.479342,Call ahead to confirm,,False,False,False,False,False,,Call ahead to confirm services are available.,0.0,Faith Community — Catholic
Farmer Memorial Baptist Church,293 South Kingsway,43.647917,-79.484378,Call ahead to confirm,4167623061,False,False,False,False,False,,Call ahead to confirm services are available.,0.0,Faith Community — Christian
All Saints Kingsway Anglican Church,2850 Bloor St W,43.649081,-79.505054,Call ahead to confirm,4162446195,False,False,False,False,False,,Call ahead to confirm services are available.,0.0,Faith Community — Christian
Trustees Of Parkdale Church,15 Aldgate Ave,43.630682,-79.486833,Call ahead to confirm,,False,False,False,False,False,,Call ahead to confirm services are available.,0.0,Faith Community — Christian
23 Superior Ave,23 Superior Ave,43.61543,-79.489525,Call ahead to confirm,,False,False,False,False,False,,Call ahead to confirm services are available.,0.0,Faith Community — Christian
Christ Church,329 Royal York Rd,43.616997,-79.498291,Call ahead to confirm,,False,False,False,False,False,,Call ahead to confirm services are available.,0.0,Faith Community — Christian
60 Newcastle St,60 Newcastle St,43.618206,-79.497304,Call ahead to confirm,,False,False,False,False,False,,Call ahead to confirm services are available.,0.0,Faith Community — Catholic
277 Royal York Rd,277 Royal York Rd,43.614271,-79.497006,Call ahead to confirm,,False,False,False,False,False,,Call ahead to confirm services are available.,0.0,Faith Community — Catholic
Willowdale Baptist Church,15 Olive Ave,43.778541,-79.414343,Call ahead to confirm,,False,False,False,False,False,,Call ahead to confirm services are available.,0.0,Faith Community — Christian
Willowdale Presbyterian Church,38 Ellerslie Ave,43.771727,-79.416065,Call ahead to confirm,4162218373,False,False,False,False,False,,Call ahead to confirm services are available.,0.0,Faith Community — Christian
65 Waterloo Ave,65 Waterloo Ave,43.758748,-79.442701,Call ahead to confirm,,False,False,False,False,False,,Call ahead to confirm services are available.,0.0,Faith Community — Jewish
Lodzer Centre Congregation,12 Heaton St,43.757343,-79.440546,Call ahead to confirm,4166366665,False,False,False,False,False,,Call ahead to confirm services are available.,0.0,Faith Community — Jewish
135 Adelaide St E,135 Adelaide St E,43.651224,-79.37416,Call ahead to confirm,4163636021,False,False,False,False,False,,Call ahead to confirm services are available.,0.0,Faith Community — Christian
160 The Esplanade,160 The Esplanade,43.648971,-79.369063,Call ahead to confirm,4162037117,False,False,False,False,False,,Call ahead to confirm services are available.,0.0,Faith Community — Christian
Msgr. Fraser College Scarborough Campus,2685 Kingston Rd,43.716908,-79.240862,Call ahead to confirm,4162617135,False,False,False,False,False,,Call ahead to confirm services are available.,0.0,Faith Community — Catholic
3566 St Clair Ave E,3566 St Clair Ave E,43.717325,-79.259089,Call ahead to confirm,(416) 267-3962,False,False,False,False,False,,Call ahead to confirm services are available.,0.0,Faith Community — Christian
3576 St Clair Ave E,3576 St Clair Ave E,43.717521,-79.258005,Call ahead to confirm,(416) 261-8471,False,False,False,False,False,,Call ahead to confirm services are available.,0.0,Faith Community — Christian
689 Warden Ave,689 Warden Ave,43.707699,-79.277574,Call ahead to confirm,4166938787,False,False,False,False,False,,Call ahead to confirm services are available.,0.0,Faith Community — Christian
90 Northline Rd,90 Northline Rd,43.71688,-79.306577,Call ahead to confirm,(416) 288-1728,False,False,False,False,False,,Call ahead to confirm services are available.,0.0,Faith Community — Christian
83 Sunrise Ave,83 Sunrise Ave,43.717945,-79.306907,Call ahead to confirm,(416) 285-0007,False,False,False,False,False,,Call ahead to confirm services are available.,0.0,Faith Community — Christian
83 Sunrise Ave,83 Sunrise Ave,43.717945,-79.306907,Call ahead to confirm,(416) 245-5897,False,False,False,False,False,,Call ahead to confirm services are available.,0.0,Faith Community — Christian
69 Sunrise Ave,69 Sunrise Ave,43.718266,-79.306079,Call ahead to confirm,(416) 755-6052,False,False,False,False,False,,Call ahead to confirm services are available.,0.0,Faith Community — Christian
65 Sunrise Ave,65 Sunrise Ave,43.718312,-79.305786,Call ahead to confirm,,False,False,False,False,False,,Call ahead to confirm services are available.,0.0,Faith Community — Christian
36 Cranfield Rd,36 Cranfield Rd,43.715134,-79.310092,Call ahead to confirm,,False,False,False,False,False,,Call ahead to confirm services are available.,0.0,Faith Community — Christian
Church Of St Columba and All,2723 St Clair Ave E,43.705744,-79.310079,Call ahead to confirm,4167550301,False,False,False,False,False,,Call ahead to confirm services are available.,0.0,Faith Community — Christian
2851 St Clair Ave E,2851 St Clair Ave E,43.707017,-79.303967,Call ahead to confirm,4167555918,False,False,False,False,False,,Call ahead to confirm services are available.,0.0,Faith Community — Christian
Our Lady Of Fatima,3170 St Clair Ave E,43.709667,-79.294178,Call ahead to confirm,,False,False,False,False,False,,Call ahead to confirm services are available.,0.0,Faith Community — Catholic
Clairlea Park Presbyterian,3240 St Clair Ave E,43.710517,-79.289294,Call ahead to confirm,4167593901,False,False,False,False,False,,Call ahead to confirm services are available.,0.0,Faith Community — Christian
Dawes Rd Gospel Church,383 Dawes Rd,43.701261,-79.296667,Call ahead to confirm,(416) 757-2633,False,False,False,False,False,,Call ahead to confirm services are available.,0.0,Faith Community — Christian
975 Cosburn Ave,975 Cosburn Ave,43.696923,-79.311389,Call ahead to confirm,4167559110,False,False,False,False,False,,Call ahead to confirm services are available.,0.0,Faith Community — Christian
700 Milverton Blvd,700 Milverton Blvd,43.688969,-79.314799,Call ahead to confirm,,False,False,False,False,False,,Call ahead to confirm services are available.,0.0,Faith Community — Christian
Church Of The Nazarene,363 Main St,43.69038,-79.302584,Call ahead to confirm,4166997343,False,False,False,False,False,,Call ahead to confirm services are available.,0.0,Faith Community — Christian
Detonia Park United Church,107 Dawes Rd,43.692092,-79.296667,Call ahead to confirm,(416) 698-1200,False,False,False,False,False,,Call ahead to confirm services are available.,0.0,Faith Community — Christian
Faith Presbyterian Community Church,140 Dawes Rd,43.693778,-79.297627,Call ahead to confirm,,False,False,False,False,False,,Call ahead to confirm services are available.,0.0,Faith Community — Christian
Birch Cliff United Church,33 East Rd,43.68804,-79.271511,Call ahead to confirm,4166944081,False,False,False,False,False,,Call ahead to confirm services are available.,0.0,Faith Community — Christian
57 Byng Ave,57 Byng Ave,43.693641,-79.280021,Call ahead to confirm,4167540473,False,False,False,False,False,,Call ahead to confirm services are available.,0.0,Faith Community — Christian
Birchcliffe Heights United,96 Highview Ave,43.701091,-79.261419,Call ahead to confirm,,False,False,False,False,False,,Call ahead to confirm services are available.,0.0,Faith Community — Christian
255 Blantyre Ave,255 Blantyre Ave,43.683363,-79.28181,Call ahead to confirm,4164843285,False,False,False,False,False,,Call ahead to confirm services are available.,0.0,Faith Community — Christian
35 Wood Glen Rd,35 Wood Glen Rd,43.684176,-79.275676,Call ahead to confirm,,False,False,False,False,False,,Call ahead to confirm services are available.,0.0,Faith Community — Christian
Bellefair United Church,2000 Queen St E,43.670214,-79.300223,Call ahead to confirm,4166913951,False,False,False,False,False,,Call ahead to confirm services are available.,0.0,Faith Community — Christian
16 Lockwood Rd,16 Lockwood Rd,43.668584,-79.309859,Call ahead to confirm,4166940482,False,False,False,False,False,,Call ahead to confirm services are available.,0.0,Faith Community — Christian
75 Glen Manor Dr,75 Glen Manor Dr,43.67117,-79.292249,Call ahead to confirm,,False,False,False,False,False,,Call ahead to confirm services are available.,0.0,Faith Community — Christian
Calvary Baptist Church,72 Main St,43.681061,-79.299357,Call ahead to confirm,,False,False,False,False,False,,Call ahead to confirm services are available.,0.0,Faith Community — Christian
200 Balsam Ave,200 Balsam Ave,43.679077,-79.290523,Call ahead to confirm,,False,False,False,False,False,,Call ahead to confirm services are available.,0.0,Faith Community — Buddhist
The Church Of Jesus Christ,84 Swanwick Ave,43.6829,-79.297347,Call ahead to confirm,,False,False,False,False,False,,Call ahead to confirm services are available.,0.0,Faith Community — Buddhist
Emmanuel Presyterian Church,21 Swanwick Ave,43.681562,-79.300718,Call ahead to confirm,,False,False,False,False,False,,Call ahead to confirm services are available.,0.0,Faith Community — Christian
Danforth Mennonite Church,2174-2178 Danforth Ave,43.68644,-79.310404,Call ahead to confirm,,False,False,False,False,False,,Call ahead to confirm services are available.,0.0,Faith Community — Christian
St Brigid Roman Catholic,300 Wolverleigh Blvd,43.686687,-79.317729,Call ahead to confirm,,False,False,False,False,False,,Call ahead to confirm services are available.,0.0,Faith Community — Catholic
Church Of Christ,346 Strathmore Blvd,43.684536,-79.323421,Call ahead to confirm,,False,False,False,False,False,,Call ahead to confirm services are available.,0.0,Faith Community — Christian
Nisbet Lodge,740 Pape Ave,43.680542,-79.345856,Call ahead to confirm,,False,False,False,False,False,,Call ahead to confirm services are available.,0.0,Faith Community — Christian
Temple Baptist Church,14 Dewhurst Blvd,43.680553,-79.339981,Call ahead to confirm,,False,False,False,False,False,,Call ahead to confirm services are available.,0.0,Faith Community — Christian
The Danforth Gospel Temple,1050 Danforth Ave,43.681009,-79.335867,Call ahead to confirm,4164616061,False,False,False,False,False,,Call ahead to confirm services are available.,0.0,Faith Community — Christian
St Frederics Temple,1084 Danforth Ave,43.681117,-79.33535,Call ahead to confirm,,False,False,False,False,False,,Call ahead to confirm services are available.,0.0,Faith Community — Catholic
20 Caithness Ave,20 Caithness Ave,43.681553,-79.335447,Call ahead to confirm,,False,False,False,False,False,,Call ahead to confirm services are available.,0.0,Faith Community — Buddhist
1099 Danforth Ave,1099 Danforth Ave,43.680748,-79.334786,Call ahead to confirm,,False,False,False,False,False,,Call ahead to confirm services are available.,0.0,Faith Community — Catholic
Trustees Of Estonian Mission,562 Jones Ave,43.678475,-79.339817,Call ahead to confirm,,False,False,False,False,False,,Call ahead to confirm services are available.,0.0,Faith Community — Christian
1278 Gerrard St E,1278 Gerrard St E,43.671284,-79.327557,Call ahead to confirm,4164061869,False,False,False,False,False,,Call ahead to confirm services are available.,0.0,Faith Community — Buddhist
Seventh Day Adventists Church,511 Horner Ave,43.601197,-79.546253,Call ahead to confirm,,False,False,False,False,False,,Call ahead to confirm services are available.,0.0,Faith Community — Christian
Church Of The Holy Trinity,10 Trinity Sq,43.654829,-79.381335,Call ahead to confirm,4165984521,False,False,False,False,False,,Call ahead to confirm services are available.,0.0,Faith Community — Christian
Christ The King Catholic,3674 Lake Shore Blvd W,43.594284,-79.537997,Call ahead to confirm,4162518983,False,False,False,False,False,,Call ahead to confirm services are available.,0.0,Faith Community — Catholic
296 Judson St,296 Judson St,43.613316,-79.513124,Call ahead to confirm,,False,False,False,False,False,,Call ahead to confirm services are available.,0.0,Faith Community — Catholic
1536-1540 The Queensway,1536-1540 The Queensway,43.618885,-79.537436,Call ahead to confirm,4162550141,False,False,False,False,False,,Call ahead to confirm services are available.,0.0,Faith Community — Catholic
Church Of The Atonement,256 Sheldon Ave,43.608472,-79.546503,Call ahead to confirm,,False,False,False,False,False,,Call ahead to confirm services are available.,0.0,Faith Community — Catholic
Church Of The Atonement,256 Sheldon Ave,43.608472,-79.546503,Call ahead to confirm,4162595748,False,False,False,False,False,,Call ahead to confirm services are available.,0.0,Faith Community — Christian
Alderwood Presbyterian Church,62 Lunness Rd,43.606769,-79.546512,Call ahead to confirm,4162554942,False,False,False,False,False,,Call ahead to confirm services are available.,0.0,Faith Community — Catholic
Alderwood United Church,44 Delma Dr,43.603307,-79.551143,Call ahead to confirm,4162524166,False,False,False,False,False,,Call ahead to confirm services are available.,0.0,Faith Community — Christian
195 The West Mall,195 The West Mall,43.626841,-79.557828,Call ahead to confirm,4166228600,False,False,False,False,False,,Call ahead to confirm services are available.,0.0,Faith Community — Christian
Bloordale United Church,4258 Bloor St W,43.634619,-79.568852,Call ahead to confirm,4166211710,False,False,False,False,False,,Call ahead to confirm services are available.,0.0,Faith Community — Christian
96 Shorncliffe Rd,96 Shorncliffe Rd,43.625169,-79.542698,Call ahead to confirm,4162349191,False,False,False,False,False,,Call ahead to confirm services are available.,0.0,Faith Community — Christian
59 Jutland Rd,59 Jutland Rd,43.628284,-79.518989,Call ahead to confirm,4162595363,False,False,False,False,False,,Call ahead to confirm services are available.,0.0,Faith Community — Catholic
New Dawn Moravian Church,5 Glenora Ave,43.691889,-79.438557,Call ahead to confirm,4166525113,False,False,False,False,False,,Call ahead to confirm services are available.,0.0,Faith Community — Christian
Our Lady Of Peace Church,3914 Bloor St W,43.640153,-79.544824,Call ahead to confirm,4162391259,False,False,False,False,False,,Call ahead to confirm services are available.,0.0,Faith Community — Catholic
Church Of Jesus Christ,95 Melbert Rd,43.649737,-79.581758,Call ahead to confirm,,False,False,False,False,False,,Call ahead to confirm services are available.,0.0,Faith Community — Christian
326 Rexdale Blvd,326 Rexdale Blvd,43.715346,-79.58537,Call ahead to confirm,4162432484,False,False,False,False,False,,Call ahead to confirm services are available.,0.0,Faith Community — Christian
306 Rexdale Blvd,306 Rexdale Blvd,43.715049,-79.583123,Call ahead to confirm,4167476681,False,False,False,False,False,,Call ahead to confirm services are available.,0.0,Faith Community — Christian
Etobicoke Church Of God,1357 Martin Grove Rd,43.717508,-79.582167,Call ahead to confirm,,False,False,False,False,False,,Call ahead to confirm services are available.,0.0,Faith Community — Christian
1344 Martin Grove Rd,1344 Martin Grove Rd,43.712494,-79.580912,Call ahead to confirm,4166567817,False,False,False,False,False,,Call ahead to confirm services are available.,0.0,Faith Community — Christian
15 Racine Rd,15 Racine Rd,43.714962,-79.572003,Call ahead to confirm,4166518989,False,False,False,False,False,,Call ahead to confirm services are available.,0.0,Faith Community — Christian
1A Holley Ave,1A Holley Ave,43.705854,-79.527862,Call ahead to confirm,(416) 240-8836,False,False,False,False,False,,Call ahead to confirm services are available.,0.0,Faith Community — Christian
Bibleway Church Of God,2822 Weston Rd,43.720184,-79.537809,Call ahead to confirm,,False,False,False,False,False,,Call ahead to confirm services are available.,0.0,Faith Community — Christian
Riverside Emery United Church,2799 Weston Rd,43.719298,-79.537153,Call ahead to confirm,(416) 742-4100,False,False,False,False,False,,Call ahead to confirm services are available.,0.0,Faith Community — Christian
30 Gordon Mackay Rd,30 Gordon Mackay Rd,43.715433,-79.509676,Call ahead to confirm,4166147771,False,False,False,False,False,,Call ahead to confirm services are available.,0.0,Faith Community — Christian
Westminster United Church,69 William St,43.703655,-79.512641,Call ahead to confirm,(416) 241-3261,False,False,False,False,False,,Call ahead to confirm services are available.,0.0,Faith Community — Christian
Weston Baptist Church,1871 Weston Rd,43.700042,-79.515263,Call ahead to confirm,(416) 241-3861,False,False,False,False,False,,Call ahead to confirm services are available.,0.0,Faith Community — Christian
Weston Baptist Church,1871 Weston Rd,43.700042,-79.515263,Call ahead to confirm,(416) 241-3861,False,False,False,False,False,,Call ahead to confirm services are available.,0.0,Faith Community — Christian
1736 Weston Rd,1736 Weston Rd,43.697896,-79.511005,Call ahead to confirm,(416) 781-2940,False,False,False,False,False,,Call ahead to confirm services are available.,0.0,Faith Community — Christian
Weston United Pentecostal,1831 Weston Rd,43.699601,-79.513826,Call ahead to confirm,(416) 763-1231,False,False,False,False,False,,Call ahead to confirm services are available.,0.0,Faith Community — Christian
Weston United Pentecostal,1831 Weston Rd,43.699601,-79.513826,Call ahead to confirm,(416) 763-1231,False,False,False,False,False,,Call ahead to confirm services are available.,0.0,Faith Community — Christian
Masonic Lodge,2040 Weston Rd,43.701224,-79.521478,Call ahead to confirm,(416) 243-6457,False,False,False,False,False,,Call ahead to confirm services are available.,0.0,Faith Community — Christian
200 Annette St,200 Annette St,43.663152,-79.468806,Call ahead to confirm,,False,False,False,False,False,,Call ahead to confirm services are available.,0.0,Faith Community — Christian
Central United Church,1 King St,43.701554,-79.520168,Call ahead to confirm,(416) 241-7544,False,False,False,False,False,,Call ahead to confirm services are available.,0.0,Faith Community — Christian
45 George St,45 George St,43.703485,-79.521404,Call ahead to confirm,(416) 241-0133,False,False,False,False,False,,Call ahead to confirm services are available.,0.0,Faith Community — Christian
St Johns Anglican,2125 Weston Rd,43.702774,-79.524082,Call ahead to confirm,(416) 740-9805,False,False,False,False,False,,Call ahead to confirm services are available.,0.0,Faith Community — Christian
St. Andrews Church,1579 Royal York Rd,43.699486,-79.533619,Call ahead to confirm,(416) 247-0572,False,False,False,False,False,,Call ahead to confirm services are available.,0.0,Faith Community — Christian
Westmount Park Church,1483 Royal York Rd,43.689559,-79.529306,Call ahead to confirm,(416) 244-7102,False,False,False,False,False,,Call ahead to confirm services are available.,0.0,Faith Community — Christian
Westmount Gospel Chapel,59 Kingdom St,43.695515,-79.51614,Call ahead to confirm,(416) 241-2120,False,False,False,False,False,,Call ahead to confirm services are available.,0.0,Faith Community — Christian
St Demetrius Ukrainian Catholic,135 La Rose Ave,43.684786,-79.52263,Call ahead to confirm,(416) 244-5333,False,False,False,False,False,,Call ahead to confirm services are available.,0.0,Faith Community — Catholic
1415 Royal York Rd,1415 Royal York Rd,43.684681,-79.526924,Call ahead to confirm,(416) 244-3066,False,False,False,False,False,,Call ahead to confirm services are available.,0.0,Faith Community — Catholic
St Mathias Anglican Church,1428 Royal York Rd,43.684857,-79.528316,Call ahead to confirm,(416) 244-9211,False,False,False,False,False,,Call ahead to confirm services are available.,0.0,Faith Community — Christian
Humbervale United Church,1447 Royal York Rd,43.686519,-79.527652,Call ahead to confirm,(416) 249-2821,False,False,False,False,False,,Call ahead to confirm services are available.,0.0,Faith Community — Christian
Church Of St Wilfrid,1315 Kipling Ave,43.666075,-79.545726,Call ahead to confirm,4162314232,False,False,False,False,False,,Call ahead to confirm services are available.,0.0,Faith Community — Christian
2588 St Clair Ave W,2588 St Clair Ave W,43.667674,-79.490331,Call ahead to confirm,(416) 769-1874,False,False,False,False,False,,Call ahead to confirm services are available.,0.0,Faith Community — Buddhist
2586 St Clair Ave W,2586 St Clair Ave W,43.667695,-79.490235,Call ahead to confirm,,False,False,False,False,False,,Call ahead to confirm services are available.,0.0,Faith Community — Buddhist
2586 St Clair Ave W,2586 St Clair Ave W,43.667695,-79.490235,Call ahead to confirm,4167691874,False,False,False,False,False,,Call ahead to confirm services are available.,0.0,Faith Community — Buddhist
33-41 McCormack St,33-41 McCormack St,43.676418,-79.473419,Call ahead to confirm,,False,False,False,False,False,,Call ahead to confirm services are available.,0.0,Faith Community — Christian
3325 Dundas St W,3325 Dundas St W,43.665427,-79.480947,Call ahead to confirm,(416) 761-9953,False,False,False,False,False,,Call ahead to confirm services are available.,0.0,Faith Community — Buddhist
3339 Dundas St W,3339 Dundas St W,43.66536,-79.481388,Call ahead to confirm,4167607537,False,False,False,False,False,,Call ahead to confirm services are available.,0.0,Faith Community — Christian
22 Oakmount Rd,22 Oakmount Rd,43.655167,-79.463541,Call ahead to confirm,(416) 604-0534,False,False,False,False,False,,Call ahead to confirm services are available.,0.0,Faith Community — Buddhist
St. Joan Of Arc Church,1701 Bloor St W,43.654881,-79.45792,Call ahead to confirm,4167621026,False,False,False,False,False,,Call ahead to confirm services are available.,0.0,Faith Community — Catholic
72 Perth Ave,72 Perth Ave,43.656136,-79.44852,Call ahead to confirm,4165354299,False,False,False,False,False,,Call ahead to confirm services are available.,0.0,Faith Community — Christian
2770A Dundas St W,2770A Dundas St W,43.665472,-79.461373,Call ahead to confirm,4167635923,False,False,False,False,False,,Call ahead to confirm services are available.,0.0,Faith Community — Buddhist
28 Heintzman St,28 Heintzman St,43.666052,-79.463903,Call ahead to confirm,4167667964,False,False,False,False,False,,Call ahead to confirm services are available.,0.0,Faith Community — Buddhist
St Cecilias Catholic Church,163 Annette St,43.662956,-79.46725,Call ahead to confirm,,False,False,False,False,False,,Call ahead to confirm services are available.,0.0,Faith Community — Catholic
33-41 McCormack St,33-41 McCormack St,43.676418,-79.473419,Call ahead to confirm,4167633408,False,False,False,False,False,,Call ahead to confirm services are available.,0.0,Faith Community — Christian
274 Weston Rd,274 Weston Rd,43.677732,-79.473113,Call ahead to confirm,,False,False,False,False,False,,Call ahead to confirm services are available.,0.0,Faith Community — Christian
The West End Tabernacle,1780 St Clair Ave W,43.674096,-79.461871,Call ahead to confirm,4166567817,False,False,False,False,False,,Call ahead to confirm services are available.,0.0,Faith Community — Christian
1870 St Clair Ave W,1870 St Clair Ave W,43.673497,-79.46444,Call ahead to confirm,4166513946,False,False,False,False,False,,Call ahead to confirm services are available.,0.0,Faith Community — Christian
Bibleway Pentecostal Church,238 Rosemount Ave,43.675494,-79.446994,Call ahead to confirm,,False,False,False,False,False,,Call ahead to confirm services are available.,0.0,Faith Community — Christian
S Nicola Di Bari,1277 St Clair Ave W,43.676718,-79.44715,Call ahead to confirm,,False,False,False,False,False,,Call ahead to confirm services are available.,0.0,Faith Community — Christian
Boon Ave Baptist Church,11 Boon Ave,43.677856,-79.446038,Call ahead to confirm,,False,False,False,False,False,,Call ahead to confirm services are available.,0.0,Faith Community — Christian
Berean Church Of God Of Toronto,236 Nairn Ave,43.683731,-79.451801,Call ahead to confirm,4166516167,False,False,False,False,False,,Call ahead to confirm services are available.,0.0,Faith Community — Christian
Toronto United Brethren Church,48 Bloem Ave,43.686057,-79.448465,Call ahead to confirm,4166561256,False,False,False,False,False,,Call ahead to confirm services are available.,0.0,Faith Community — Christian
2050 Dufferin St,2050 Dufferin St,43.686584,-79.446931,Call ahead to confirm,(416) 654-3211,False,False,False,False,False,,Call ahead to confirm services are available.,0.0,Faith Community — Buddhist
Davenport Gospel Hall,223-225 Chambers Ave,43.68295,-79.465421,Call ahead to confirm,,False,False,False,False,False,,Call ahead to confirm services are available.,0.0,Faith Community — Christian
338 Weston Rd,338 Weston Rd,43.679322,-79.474832,Call ahead to confirm,,False,False,False,False,False,,Call ahead to confirm services are available.,0.0,Faith Community — Buddhist
338 Weston Rd,338 Weston Rd,43.679322,-79.474832,Call ahead to confirm,4166044944,False,False,False,False,False,,Call ahead to confirm services are available.,0.0,Faith Community — Christian
1100 Weston Rd,1100 Weston Rd,43.685921,-79.487812,Call ahead to confirm,(416) 766-1361,False,False,False,False,False,,Call ahead to confirm services are available.,0.0,Faith Community — Christian
Church Of The Good Sheppherd,1149 Weston Rd,43.686835,-79.488669,Call ahead to confirm,(416) 766-1887,False,False,False,False,False,,Call ahead to confirm services are available.,0.0,Faith Community — Christian
117 Guestville Ave,117 Guestville Ave,43.685465,-79.489795,Call ahead to confirm,,False,False,False,False,False,,Call ahead to confirm services are available.,0.0,Faith Community — Catholic
Ennerdale Road Baptist,228 Ennerdale Rd,43.694367,-79.453511,Call ahead to confirm,,False,False,False,False,False,,Call ahead to confirm services are available.,0.0,Faith Community — Christian
71 Guestville Ave,71 Guestville Ave,43.684063,-79.489199,Call ahead to confirm,(416) 763-2893,False,False,False,False,False,,Call ahead to confirm services are available.,0.0,Faith Community — Christian
698 Weston Rd,698 Weston Rd,43.682035,-79.478354,Call ahead to confirm,,False,False,False,False,False,,Call ahead to confirm services are available.,0.0,Faith Community — Christian
Church Of The Advent Anglican,40 Pritchard Ave,43.670696,-79.489042,Call ahead to confirm,4167632713,False,False,False,False,False,,Call ahead to confirm services are available.,0.0,Faith Community — Christian
755 Jane St,755 Jane St,43.671491,-79.493305,Call ahead to confirm,4168783422,False,False,False,False,False,,Call ahead to confirm services are available.,0.0,Faith Community — Christian
755 Jane St,755 Jane St,43.671491,-79.493305,Call ahead to confirm,4167444020,False,False,False,False,False,,Call ahead to confirm services are available.,0.0,Faith Community — Christian
1530 Weston Rd,1530 Weston Rd,43.693753,-79.505656,Call ahead to confirm,(416) 249-7037,False,False,False,False,False,,Call ahead to confirm services are available.,0.0,Faith Community — Christian
1322 Weston Rd,1322 Weston Rd,43.689684,-79.497597,Call ahead to confirm,(416) 243-9898,False,False,False,False,False,,Call ahead to confirm services are available.,0.0,Faith Community — Christian
Mount Dennis Baptist Church,1272 Weston Rd,43.688598,-79.49473,Call ahead to confirm,(416) 243-0055,False,False,False,False,False,,Call ahead to confirm services are available.,0.0,Faith Community — Christian
328 Bellamy Rd N,328 Bellamy Rd N,43.754474,-79.2349,Call ahead to confirm,,False,False,False,False,False,,Call ahead to confirm services are available.,0.0,Faith Community — Christian
1182 Weston Rd,1182 Weston Rd,43.68742,-79.491126,Call ahead to confirm,(416) 740-4774,False,False,False,False,False,,Call ahead to confirm services are available.,0.0,Faith Community — Christian
1181A Weston Rd,1181A Weston Rd,43.687663,-79.490646,Call ahead to confirm,(416) 241-3016,False,False,False,False,False,,Call ahead to confirm services are available.,0.0,Faith Community — Christian
Church Of Christ,47 Harding Ave,43.699909,-79.500423,Call ahead to confirm,,False,False,False,False,False,,Call ahead to confirm services are available.,0.0,Faith Community — Christian
Church Of Saint Constantine,1 Brookhaven Dr,43.697168,-79.493287,Call ahead to confirm,4162412470,False,False,False,False,False,,Call ahead to confirm services are available.,0.0,Faith Community — Christian
Apostolic United Assembly Church,42 Denison Rd E,43.697276,-79.504861,Call ahead to confirm,4167443161,False,False,False,False,False,,Call ahead to confirm services are available.,0.0,Faith Community — Christian
Intl Masters Church Of God,1617 Weston Rd,43.695918,-79.507479,Call ahead to confirm,,False,False,False,False,False,,Call ahead to confirm services are available.,0.0,Faith Community — Christian
Place Of Blessing Church,1901 Jane St,43.710341,-79.505053,Call ahead to confirm,(416) 244-4898,False,False,False,False,False,,Call ahead to confirm services are available.,0.0,Faith Community — Christian
1990 Jane St,1990 Jane St,43.713921,-79.507402,Call ahead to confirm,4162427392,False,False,False,False,False,,Call ahead to confirm services are available.,0.0,Faith Community — Christian
2380 Keele St,2380 Keele St,43.706741,-79.477962,Call ahead to confirm,(416) 614-9932,False,False,False,False,False,,Call ahead to confirm services are available.,0.0,Faith Community — Buddhist
49 Milford Ave,49 Milford Ave,43.704471,-79.473705,Call ahead to confirm,4166319191,False,False,False,False,False,,Call ahead to confirm services are available.,0.0,Faith Community — Christian
1224 Lawrence Ave W,1224 Lawrence Ave W,43.711253,-79.469132,Call ahead to confirm,(416) 784-1357,False,False,False,False,False,,Call ahead to confirm services are available.,0.0,Faith Community — Buddhist
150-154 Bentworth Ave,150-154 Bentworth Ave,43.720244,-79.466692,Call ahead to confirm,(416) 780-1697,False,False,False,False,False,,Call ahead to confirm services are available.,0.0,Faith Community — Christian
Toronto Worship Centre,1161 Caledonia Rd,43.715631,-79.46691,Call ahead to confirm,(416) 780-1641,False,False,False,False,False,,Call ahead to confirm services are available.,0.0,Faith Community — Christian
783-793 Lawrence Ave W,783-793 Lawrence Ave W,43.713818,-79.453926,Call ahead to confirm,(416) 781-2082,False,False,False,False,False,,Call ahead to confirm services are available.,0.0,Faith Community — Christian
St Charles Church,811 Lawrence Ave W,43.713741,-79.455357,Call ahead to confirm,(416) 787-0369,False,False,False,False,False,,Call ahead to confirm services are available.,0.0,Faith Community — Catholic
119 Ennerdale Rd,119 Ennerdale Rd,43.69091,-79.4519,Call ahead to confirm,4167823179,False,False,False,False,False,,Call ahead to confirm services are available.,0.0,Faith Community — Christian
Church Of St Mary The Virgin,2981 Dufferin St,43.711055,-79.45369,Call ahead to confirm,(416) 782-2953,False,False,False,False,False,,Call ahead to confirm services are available.,0.0,Faith Community — Christian
1067 Glencairn Ave,1067 Glencairn Ave,43.706408,-79.455592,Call ahead to confirm,(416) 780-9275,False,False,False,False,False,,Call ahead to confirm services are available.,0.0,Faith Community — Christian
Fairbank United Church,2746 Dufferin St,43.702998,-79.452561,Call ahead to confirm,,False,False,False,False,False,,Call ahead to confirm services are available.,0.0,Faith Community — Christian
435 Hopewell Ave,435 Hopewell Ave,43.699561,-79.446304,Call ahead to confirm,,False,False,False,False,False,,Call ahead to confirm services are available.,0.0,Faith Community — Buddhist
39 Gurney Cres,39 Gurney Cres,43.702242,-79.46711,Call ahead to confirm,(416) 256-9058,False,False,False,False,False,,Call ahead to confirm services are available.,0.0,Faith Community — Christian
Faith United Pentecostal Church,24 Densley Ave,43.703775,-79.474292,Call ahead to confirm,4162453340,False,False,False,False,False,,Call ahead to confirm services are available.,0.0,Faith Community — Christian
2186A Eglinton Ave W,2186A Eglinton Ave W,43.693469,-79.461402,Call ahead to confirm,,False,False,False,False,False,,Call ahead to confirm services are available.,0.0,Faith Community — Christian
First Church Of God,1947 Keele St,43.6886,-79.474025,Call ahead to confirm,9058237776,False,False,False,False,False,,Call ahead to confirm services are available.,0.0,Faith Community — Christian
Fire Station 135,641 Eglinton Ave W,43.702754,-79.416362,Call ahead to confirm,,False,False,False,False,False,,Call ahead to confirm services are available.,0.0,Faith Community — Christian
1523 Warden Ave,1523 Warden Ave,43.762755,-79.300475,Call ahead to confirm,4164722491,False,False,False,False,False,,Call ahead to confirm services are available.,0.0,Faith Community — Christian
640 Eglinton Ave W,640 Eglinton Ave W,43.702578,-79.418651,Call ahead to confirm,4167828943,False,False,False,False,False,,Call ahead to confirm services are available.,0.0,Faith Community — Catholic
Glencairn Baptist Church,713 Glencairn Ave,43.709938,-79.438287,Call ahead to confirm,(416) 789-0124,False,False,False,False,False,,Call ahead to confirm services are available.,0.0,Faith Community — Christian
792 Glencairn Ave,792 Glencairn Ave,43.709575,-79.442375,Call ahead to confirm,(416) 785-8335,False,False,False,False,False,,Call ahead to confirm services are available.,0.0,Faith Community — Christian
Coldstream Presbyterian Church,500 Coldstream Ave,43.715348,-79.429244,Call ahead to confirm,(416) 781-8092,False,False,False,False,False,,Call ahead to confirm services are available.,0.0,Faith Community — Christian
201 Caribou Rd,201 Caribou Rd,43.717617,-79.428375,Call ahead to confirm,(416) 783-5606,False,False,False,False,False,,Call ahead to confirm services are available.,0.0,Faith Community — Christian
Grace Tabernacle,22 Glen Park Ave,43.71305,-79.430507,Call ahead to confirm,(416) 787-4785,False,False,False,False,False,,Call ahead to confirm services are available.,0.0,Faith Community — Christian
Roman Catholic Episcopal,2565 Bathurst St,43.706973,-79.426482,Call ahead to confirm,4167874547,False,False,False,False,False,,Call ahead to confirm services are available.,0.0,Faith Community — Catholic
1041 Avenue Rd,1041 Avenue Rd,43.70492,-79.408417,Call ahead to confirm,(416) 937-0986,False,False,False,False,False,,Call ahead to confirm services are available.,0.0,Faith Community — Buddhist
2221 Yonge St,2221 Yonge St,43.706049,-79.397762,Call ahead to confirm,,False,False,False,False,False,,Call ahead to confirm services are available.,0.0,Faith Community — Christian
St Monicas Roman Catholic,40 Broadway Ave,43.710705,-79.396706,Call ahead to confirm,,False,False,False,False,False,,Call ahead to confirm services are available.,0.0,Faith Community — Catholic
2510 Yonge St,2510 Yonge St,43.712386,-79.399878,Call ahead to confirm,(416) 486-5105,False,False,False,False,False,,Call ahead to confirm services are available.,0.0,Faith Community — Buddhist
Castlefield Christian Fellow,27 Castlefield Ave,43.711228,-79.400579,Call ahead to confirm,,False,False,False,False,False,,Call ahead to confirm services are available.,0.0,Faith Community — Christian
Blythwood Rd Baptist Church,80 Blythwood Rd,43.717575,-79.398079,Call ahead to confirm,,False,False,False,False,False,,Call ahead to confirm services are available.,0.0,Faith Community — Christian
503 Eglinton Ave E,503 Eglinton Ave E,43.710135,-79.380267,Call ahead to confirm,,False,False,False,False,False,,Call ahead to confirm services are available.,0.0,Faith Community — Christian
Church Of The Transfiguration,111 Manor Rd E,43.703277,-79.391254,Call ahead to confirm,4164897798,False,False,False,False,False,,Call ahead to confirm services are available.,0.0,Faith Community — Christian
Calvin Presbyterian Church,26 Delisle Ave,43.689287,-79.395966,Call ahead to confirm,4169239030,False,False,False,False,False,,Call ahead to confirm services are available.,0.0,Faith Community — Christian
Yorkminster Park Baptist Church,1585 Yonge St,43.690518,-79.394227,Call ahead to confirm,4169221167,False,False,False,False,False,,Call ahead to confirm services are available.,0.0,Faith Community — Christian
Christ Church Deer Park,1570 Yonge St,43.690271,-79.39581,Call ahead to confirm,4169205211,False,False,False,False,False,,Call ahead to confirm services are available.,0.0,Faith Community — Christian
Our Lady Of Perpetual Help,208 St Clair Ave E,43.690249,-79.385085,Call ahead to confirm,4164891540,False,False,False,False,False,,Call ahead to confirm services are available.,0.0,Faith Community — Catholic
28 ted rogers Way,28 ted rogers Way,43.670579,-79.38059,Call ahead to confirm,4169249192,False,False,False,False,False,,Call ahead to confirm services are available.,0.0,Faith Community — Christian
St Pauls Anglican Church,227 Bloor St E,43.670991,-79.381239,Call ahead to confirm,4169618116,False,False,False,False,False,,Call ahead to confirm services are available.,0.0,Faith Community — Christian
1323 Bay St,1323 Bay St,43.672698,-79.390477,Call ahead to confirm,4169624500,False,False,False,False,False,,Call ahead to confirm services are available.,0.0,Faith Community — Catholic
204 St George St,204 St George St,43.670434,-79.4019,Call ahead to confirm,4169214442,False,False,False,False,False,,Call ahead to confirm services are available.,0.0,Faith Community — Christian
316 Dupont St,316 Dupont St,43.674787,-79.408748,Call ahead to confirm,(416) 657-2269,False,False,False,False,False,,Call ahead to confirm services are available.,0.0,Faith Community — Buddhist
Deer Park United Church,129 St Clair Ave W,43.686456,-79.400191,Call ahead to confirm,,False,False,False,False,False,,Call ahead to confirm services are available.,0.0,Faith Community — Christian
First Unitarian Congregation,175 St Clair Ave W,43.686113,-79.402424,Call ahead to confirm,(416) 466-2405,False,False,False,False,False,,Call ahead to confirm services are available.,0.0,Faith Community — Buddhist
Holy Rosary Church,354 St Clair Ave W,43.684305,-79.413889,Call ahead to confirm,4169238471,False,False,False,False,False,,Call ahead to confirm services are available.,0.0,Faith Community — Catholic
Holy Rosary Church,354 St Clair Ave W,43.684305,-79.413889,Call ahead to confirm,,False,False,False,False,False,,Call ahead to confirm services are available.,0.0,Faith Community — Catholic
Reorganized Church Of Jesus,1443 Bathurst St,43.682561,-79.417743,Call ahead to confirm,4165335750,False,False,False,False,False,,Call ahead to confirm services are available.,0.0,Faith Community — Christian
637 Christie St,637 Christie St,43.680823,-79.425133,Call ahead to confirm,(416) 651-3849,False,False,False,False,False,,Call ahead to confirm services are available.,0.0,Faith Community — Buddhist
58A Arlington Ave,58A Arlington Ave,43.679134,-79.42837,Call ahead to confirm,4166522416,False,False,False,False,False,,Call ahead to confirm services are available.,0.0,Faith Community — Christian
833 St Clair Ave W,833 St Clair Ave W,43.680118,-79.431702,Call ahead to confirm,4166583300,False,False,False,False,False,,Call ahead to confirm services are available.,0.0,Faith Community — Christian
St Clares Rc Church,1118 St Clair Ave W,43.678505,-79.441781,Call ahead to confirm,,False,False,False,False,False,,Call ahead to confirm services are available.,0.0,Faith Community — Catholic
Toronto Buddhist Church,918 Bathurst St,43.668609,-79.412982,Call ahead to confirm,,False,False,False,False,False,,Call ahead to confirm services are available.,0.0,Faith Community — Buddhist
177 Christie St,177 Christie St,43.668332,-79.419935,Call ahead to confirm,4165360337,False,False,False,False,False,,Call ahead to confirm services are available.,0.0,Faith Community — Christian
670 Bloor St W,670 Bloor St W,43.664253,-79.416541,Call ahead to confirm,(416) 588-6465,False,False,False,False,False,,Call ahead to confirm services are available.,0.0,Faith Community — Buddhist
778 Ossington Ave,778 Ossington Ave,43.663093,-79.426412,Call ahead to confirm,4167591742,False,False,False,False,False,,Call ahead to confirm services are available.,0.0,Faith Community — Christian
874 Bloor St W,874 Bloor St W,43.662299,-79.425086,Call ahead to confirm,,False,False,False,False,False,,Call ahead to confirm services are available.,0.0,Faith Community — Buddhist
St Marys Ukrainian Church,30 Leeds St,43.664528,-79.425943,Call ahead to confirm,4165319945,False,False,False,False,False,,Call ahead to confirm services are available.,0.0,Faith Community — Catholic
2424 Finch Ave W,2424 Finch Ave W,43.751653,-79.551069,Call ahead to confirm,(416) 740-2599,False,False,False,False,False,,Call ahead to confirm services are available.,0.0,Faith Community — Christian
30 Penn Dr,30 Penn Dr,43.751603,-79.555091,Call ahead to confirm,(416) 743-8487,False,False,False,False,False,,Call ahead to confirm services are available.,0.0,Faith Community — Christian
7 Penn Dr,7 Penn Dr,43.750886,-79.553849,Call ahead to confirm,,False,False,False,False,False,,Call ahead to confirm services are available.,0.0,Faith Community — Christian
Calvary Pentecostal Church Of God,5 Penn Dr,43.750858,-79.553557,Call ahead to confirm,(416) 748-1533,False,False,False,False,False,,Call ahead to confirm services are available.,0.0,Faith Community — Christian
49 Milvan Dr,49 Milvan Dr,43.754385,-79.555038,Call ahead to confirm,(416) 740-3355,False,False,False,False,False,,Call ahead to confirm services are available.,0.0,Faith Community — Buddhist
St Rochs Parish Centre,2889 Islington Ave,43.75379,-79.567795,Call ahead to confirm,(416) 749-0328,False,False,False,False,False,,Call ahead to confirm services are available.,0.0,Faith Community — Catholic
St Georges Anglican Church,5350 Yonge St,43.774092,-79.414609,Call ahead to confirm,4162251922,False,False,False,False,False,,Call ahead to confirm services are available.,0.0,Faith Community — Christian
St Andrews Catholic Church,2547 Kipling Ave,43.746053,-79.582748,Call ahead to confirm,(416 749-4391,False,False,False,False,False,,Call ahead to confirm services are available.,0.0,Faith Community — Catholic
Islington Evangel Centre,1621 Albion Rd,43.741359,-79.593209,Call ahead to confirm,(416) 401-0030,False,False,False,False,False,,Call ahead to confirm services are available.,0.0,Faith Community — Christian
Thistletown Baptist Church,2534 Kipling Ave,43.744703,-79.583413,Call ahead to confirm,(416) 741-8060,False,False,False,False,False,,Call ahead to confirm services are available.,0.0,Faith Community — Christian
New Apostle Church,6484 Finch Ave W,43.737358,-79.591245,Call ahead to confirm,,False,False,False,False,False,,Call ahead to confirm services are available.,0.0,Faith Community — Christian
Our Lady Of Mount Carmel,200 St Patrick St,43.655233,-79.391008,Call ahead to confirm,4165983920,False,False,False,False,False,,Call ahead to confirm services are available.,0.0,Faith Community — Catholic
202 St Patrick St,202 St Patrick St,43.655439,-79.391066,Call ahead to confirm,4165983920,False,False,False,False,False,,Call ahead to confirm services are available.,0.0,Faith Community — Catholic
39 Knox Ave,39 Knox Ave,43.758709,-79.572185,Call ahead to confirm,(416) 749-4220,False,False,False,False,False,,Call ahead to confirm services are available.,0.0,Faith Community — Christian
437 Spadina Rd,437 Spadina Rd,43.689131,-79.412621,Call ahead to confirm,(416) 927-8072,False,False,False,False,False,,Call ahead to confirm services are available.,0.0,Faith Community — Buddhist
St. Paul's L'Amoreaux Church,3333 Finch Ave E,43.796085,-79.316811,Call ahead to confirm,(416) 499-1545,False,False,False,False,False,,Call ahead to confirm services are available.,0.0,Faith Community — Christian
St. Paul's L'Amoreaux Church,3333 Finch Ave E,43.796085,-79.316811,Call ahead to confirm,(416) 499-1546,False,False,False,False,False,,Call ahead to confirm services are available.,0.0,Faith Community — Christian
703 Dovercourt Rd,703 Dovercourt Rd,43.660131,-79.428651,Call ahead to confirm,4165367004,False,False,False,False,False,,Call ahead to confirm services are available.,0.0,Faith Community — Christian
Fairbank Presbyterian Ch,1 Ramsden Rd,43.69619,-79.452423,Call ahead to confirm,4167870513,False,False,False,False,False,,Call ahead to confirm services are available.,0.0,Faith Community — Christian
695 Scarlett Rd,695 Scarlett Rd,43.695132,-79.519413,Call ahead to confirm,,False,False,False,False,False,,Call ahead to confirm services are available.,0.0,Faith Community — Christian
James Street Gospel Tabernacle,103 James St,43.589525,-79.542513,Call ahead to confirm,4162555671,False,False,False,False,False,,Call ahead to confirm services are available.,0.0,Faith Community — Christian
St Agnes Church Anglican,69 Long Branch Ave,43.593634,-79.533385,Call ahead to confirm,4162518433,False,False,False,False,False,,Call ahead to confirm services are available.,0.0,Faith Community — Christian
Saint Pauls United Church,85 Thirty First St,43.594125,-79.529437,Call ahead to confirm,4162517927,False,False,False,False,False,,Call ahead to confirm services are available.,0.0,Faith Community — Christian
3253 Lake Shore Blvd W,3253 Lake Shore Blvd W,43.596747,-79.52228,Call ahead to confirm,4162558809,False,False,False,False,False,,Call ahead to confirm services are available.,0.0,Faith Community — Christian
St James Presbyterian Church,25 Fairfield Ave,43.59716,-79.524946,Call ahead to confirm,,False,False,False,False,False,,Call ahead to confirm services are available.,0.0,Faith Community — Christian
3104 Lake Shore Blvd W,3104 Lake Shore Blvd W,43.599129,-79.513636,Call ahead to confirm,4162513764,False,False,False,False,False,,Call ahead to confirm services are available.,0.0,Faith Community — Christian
New Covenant Church,270 Birmingham St,43.601044,-79.517578,Call ahead to confirm,4162536474,False,False,False,False,False,,Call ahead to confirm services are available.,0.0,Faith Community — Christian
Long Branch Baptist Church,3381 Lake Shore Blvd W,43.595566,-79.527191,Call ahead to confirm,4162511525,False,False,False,False,False,,Call ahead to confirm services are available.,0.0,Faith Community — Christian
3403 Lake Shore Blvd W,3403 Lake Shore Blvd W,43.595481,-79.528146,Call ahead to confirm,,False,False,False,False,False,,Call ahead to confirm services are available.,0.0,Faith Community — Christian
St Ambrose Church,780 Brown's Line,43.608702,-79.548488,Call ahead to confirm,4162518282,False,False,False,False,False,,Call ahead to confirm services are available.,0.0,Faith Community — Christian
Roman Catholic Episcopal,739 Brown's Line,43.608071,-79.54683,Call ahead to confirm,4162552721,False,False,False,False,False,,Call ahead to confirm services are available.,0.0,Faith Community — Christian
St Clements Church,409 Markland Dr,43.633344,-79.570153,Call ahead to confirm,,False,False,False,False,False,,Call ahead to confirm services are available.,0.0,Faith Community — Christian
Bloordale United Church,4258 Bloor St W,43.634619,-79.568852,Call ahead to confirm,4162488413,False,False,False,False,False,,Call ahead to confirm services are available.,0.0,Faith Community — Christian
Queensway Baptist Church,950 Islington Ave,43.627273,-79.51665,Call ahead to confirm,4162516121,False,False,False,False,False,,Call ahead to confirm services are available.,0.0,Faith Community — Christian
Holy Angels Church,61 Jutland Rd,43.627982,-79.519207,Call ahead to confirm,4162551691,False,False,False,False,False,,Call ahead to confirm services are available.,0.0,Faith Community — Christian
5233 Dundas St W,5233 Dundas St W,43.638933,-79.536976,Call ahead to confirm,4162360167,False,False,False,False,False,,Call ahead to confirm services are available.,0.0,Faith Community — Christian
St Andrews Presbyterian,3819 Bloor St W,43.641258,-79.536884,Call ahead to confirm,,False,False,False,False,False,,Call ahead to confirm services are available.,0.0,Faith Community — Christian
New Dawn Moravian Church,5 Glenora Ave,43.691889,-79.438557,Call ahead to confirm,4166560473,False,False,False,False,False,,Call ahead to confirm services are available.,0.0,Faith Community — Christian
25 Eagle Rd,25 Eagle Rd,43.644187,-79.519216,Call ahead to confirm,(416) 231-7179,False,False,False,False,False,,Call ahead to confirm services are available.,0.0,Faith Community — Buddhist
Roman Catholic Episcopal,3053 Bloor St W,43.646781,-79.512686,Call ahead to confirm,,False,False,False,False,False,,Call ahead to confirm services are available.,0.0,Faith Community — Christian
Islington United Church,25 Burnhamthorpe Rd,43.649558,-79.529928,Call ahead to confirm,4162391131,False,False,False,False,False,,Call ahead to confirm services are available.,0.0,Faith Community — Christian
50 Royalavon Cres,50 Royalavon Cres,43.646179,-79.533877,Call ahead to confirm,4162368801,False,False,False,False,False,,Call ahead to confirm services are available.,0.0,Faith Community — Christian
279 Burnhamthorpe Rd,279 Burnhamthorpe Rd,43.650047,-79.544872,Call ahead to confirm,4162393054,False,False,False,False,False,,Call ahead to confirm services are available.,0.0,Faith Community — Christian
St James United Church,400 Burnhamthorpe Rd,43.646691,-79.556274,Call ahead to confirm,4166224113,False,False,False,False,False,,Call ahead to confirm services are available.,0.0,Faith Community — Christian
Iglesia Ni Cristo,310 Burnhamthorpe Rd,43.648694,-79.547745,Call ahead to confirm,4162316006,False,False,False,False,False,,Call ahead to confirm services are available.,0.0,Faith Community — Christian
Seventh Day Adventist Church,3897 Bloor St W,43.639816,-79.542942,Call ahead to confirm,4162393700,False,False,False,False,False,,Call ahead to confirm services are available.,0.0,Faith Community — Christian
St Matthews Anglican Church,3962 Bloor St W,43.639381,-79.548944,Call ahead to confirm,4162314014,False,False,False,False,False,,Call ahead to confirm services are available.,0.0,Faith Community — Christian
627 Burnhamthorpe Rd,627 Burnhamthorpe Rd,43.643652,-79.573199,Call ahead to confirm,4166211990,False,False,False,False,False,,Call ahead to confirm services are available.,0.0,Faith Community — Christian
25 Queen's Plate Dr,25 Queen's Plate Dr,43.709047,-79.589371,Call ahead to confirm,,False,False,False,False,False,,Call ahead to confirm services are available.,0.0,Faith Community — Christian
423 Burnhamthorpe Rd,423 Burnhamthorpe Rd,43.646652,-79.55959,Call ahead to confirm,4166226439,False,False,False,False,False,,Call ahead to confirm services are available.,0.0,Faith Community — Christian
Nativity Of Our Lord,480 Rathburn Rd,43.652696,-79.576464,Call ahead to confirm,4166212732,False,False,False,False,False,,Call ahead to confirm services are available.,0.0,Faith Community — Christian
Grace Presbyterian Church,588 Renforth Dr,43.653376,-79.581108,Call ahead to confirm,,False,False,False,False,False,,Call ahead to confirm services are available.,0.0,Faith Community — Christian
Rehoboth Fellowship Christia,800 Burnhamthorpe Rd,43.640539,-79.581485,Call ahead to confirm,,False,False,False,False,False,,Call ahead to confirm services are available.,0.0,Faith Community — Christian
596 Renforth Dr,596 Renforth Dr,43.653832,-79.581222,Call ahead to confirm,4166215914,False,False,False,False,False,,Call ahead to confirm services are available.,0.0,Faith Community — Christian
Richview United Church,149 Wellesworth Dr,43.661129,-79.580904,Call ahead to confirm,4166215030,False,False,False,False,False,,Call ahead to confirm services are available.,0.0,Faith Community — Christian
49 Queen's Plate Dr,49 Queen's Plate Dr,43.710589,-79.590122,Call ahead to confirm,4167453143,False,False,False,False,False,,Call ahead to confirm services are available.,0.0,Faith Community — Christian
76 Brydon Dr,76 Brydon Dr,43.719637,-79.573991,Call ahead to confirm,4167420279,False,False,False,False,False,,Call ahead to confirm services are available.,0.0,Faith Community — Christian
230 Rexdale Blvd,230 Rexdale Blvd,43.713261,-79.576499,Call ahead to confirm,,False,False,False,False,False,,Call ahead to confirm services are available.,0.0,Faith Community — Christian
285 Attwell Dr,285 Attwell Dr,43.696665,-79.589851,Call ahead to confirm,4166750344,False,False,False,False,False,,Call ahead to confirm services are available.,0.0,Faith Community — Christian
Kingsway Baptist Church,39 Birchview Blvd,43.647397,-79.514575,Call ahead to confirm,4162392381,False,False,False,False,False,,Call ahead to confirm services are available.,0.0,Faith Community — Christian
Kingsview Village Seventh-Day Adventist,70 Kingsview Blvd,43.697839,-79.557327,Call ahead to confirm,4162456863,False,False,False,False,False,,Call ahead to confirm services are available.,0.0,Faith Community — Christian
Kingsview Free Methodist Church,15 Kingsview Blvd,43.699101,-79.549801,Call ahead to confirm,,False,False,False,False,False,,Call ahead to confirm services are available.,0.0,Faith Community — Christian
9 McArthur St,9 McArthur St,43.698793,-79.544388,Call ahead to confirm,,False,False,False,False,False,,Call ahead to confirm services are available.,0.0,Faith Community — Christian
4 Racine Rd,4 Racine Rd,43.716127,-79.570616,Call ahead to confirm,,False,False,False,False,False,,Call ahead to confirm services are available.,0.0,Faith Community — Christian
Passionist Missionaries,2102 Kipling Ave,43.716614,-79.56985,Call ahead to confirm,4167433500,False,False,False,False,False,,Call ahead to confirm services are available.,0.0,Faith Community — Christian
Rexdale Presbyterian Church,2314 Islington Ave,43.716291,-79.556254,Call ahead to confirm,,False,False,False,False,False,,Call ahead to confirm services are available.,0.0,Faith Community — Christian
Rexdale Gospel Hall,72 Bergamot Ave,43.71689,-79.557334,Call ahead to confirm,4167425990,False,False,False,False,False,,Call ahead to confirm services are available.,0.0,Faith Community — Christian
Word Of Life Christian Centre,2810 Weston Rd,43.719742,-79.537909,Call ahead to confirm,4167488868,False,False,False,False,False,,Call ahead to confirm services are available.,0.0,Faith Community — Christian
20-22 Elrose Ave,20-22 Elrose Ave,43.718429,-79.526123,Call ahead to confirm,4167440540,False,False,False,False,False,,Call ahead to confirm services are available.,0.0,Faith Community — Christian
Covenant Tabernacle,24 Langside Ave,43.709139,-79.517826,Call ahead to confirm,4162417525,False,False,False,False,False,,Call ahead to confirm services are available.,0.0,Faith Community — Christian
Royal York Baptist Church,1520 Royal York Rd,43.692932,-79.532701,Call ahead to confirm,4162410441,False,False,False,False,False,,Call ahead to confirm services are available.,0.0,Faith Community — Christian
First Church Of Christ Scientist,4480 Eglinton Ave W,43.6806,-79.53845,Call ahead to confirm,4162471282,False,False,False,False,False,,Call ahead to confirm services are available.,0.0,Faith Community — Christian
243 La Rose Ave,243 La Rose Ave,43.682973,-79.531386,Call ahead to confirm,4162491411,False,False,False,False,False,,Call ahead to confirm services are available.,0.0,Faith Community — Christian
St Mathias Anglican Church,1428 Royal York Rd,43.684857,-79.528316,Call ahead to confirm,4162449211,False,False,False,False,False,,Call ahead to confirm services are available.,0.0,Faith Community — Christian
Richview Baptist Church,1548 Kipling Ave,43.681204,-79.553032,Call ahead to confirm,,False,False,False,False,False,,Call ahead to confirm services are available.,0.0,Faith Community — Christian
St Lukes United Church,516 The Kingsway,43.673576,-79.548191,Call ahead to confirm,,False,False,False,False,False,,Call ahead to confirm services are available.,0.0,Faith Community — Christian
Hillview Presbyterian Church,106 Ravenscrest Dr,43.662983,-79.555911,Call ahead to confirm,4166261425,False,False,False,False,False,,Call ahead to confirm services are available.,0.0,Faith Community — Christian
Martin Grove Baptist Church,35 Hedges Blvd,43.66842,-79.559304,Call ahead to confirm,,False,False,False,False,False,,Call ahead to confirm services are available.,0.0,Faith Community — Christian
Martin Grove Baptist Church,35 Hedges Blvd,43.66842,-79.559304,Call ahead to confirm,4166261026,False,False,False,False,False,,Call ahead to confirm services are available.,0.0,Faith Community — Christian
61 West Deane Park Dr,61 West Deane Park Dr,43.658095,-79.564351,Call ahead to confirm,4166225577,False,False,False,False,False,,Call ahead to confirm services are available.,0.0,Faith Community — Christian
St Gregorys Catholic Church,122 Rathburn Rd,43.660183,-79.54381,Call ahead to confirm,4162394831,False,False,False,False,False,,Call ahead to confirm services are available.,0.0,Faith Community — Christian
Humber Valley United Church,76 Anglesey Blvd,43.665137,-79.528987,Call ahead to confirm,4162312263,False,False,False,False,False,,Call ahead to confirm services are available.,0.0,Faith Community — Christian
4193-4195 Dundas St W,4193-4195 Dundas St W,43.660109,-79.511138,Call ahead to confirm,4162320057,False,False,False,False,False,,Call ahead to confirm services are available.,0.0,Faith Community — Christian
St. Giles Kingsway Presbyterian Church,15 Lambeth Rd,43.661061,-79.521042,Call ahead to confirm,4162338591,False,False,False,False,False,,Call ahead to confirm services are available.,0.0,Faith Community — Christian
6 Wimbleton Rd,6 Wimbleton Rd,43.656949,-79.521445,Call ahead to confirm,4162392341,False,False,False,False,False,,Call ahead to confirm services are available.,0.0,Faith Community — Christian
St Georges Church,4600 Dundas St W,43.656935,-79.521231,Call ahead to confirm,,False,False,False,False,False,,Call ahead to confirm services are available.,0.0,Faith Community — Christian
Hungarian Evangelical,51 Scarlett Rd,43.667695,-79.499802,Call ahead to confirm,,False,False,False,False,False,,Call ahead to confirm services are available.,0.0,Faith Community — Christian
26C Scarlett Rd,26C Scarlett Rd,43.667522,-79.500365,Call ahead to confirm,4166584837,False,False,False,False,False,,Call ahead to confirm services are available.,0.0,Faith Community — Christian
Prophetic Church Of God,700 Weston Rd,43.682391,-79.47822,Call ahead to confirm,,False,False,False,False,False,,Call ahead to confirm services are available.,0.0,Faith Community — Christian
Forward Baptist Church,1889 Gerrard St E,43.679855,-79.312205,Call ahead to confirm,4166997156,False,False,False,False,False,,Call ahead to confirm services are available.,0.0,Faith Community — Christian
David Appleton Community Centre,33 Pritchard Ave,43.670224,-79.488889,Call ahead to confirm,4167623960,False,False,False,False,False,,Call ahead to confirm services are available.,0.0,Faith Community — Christian
2431 St Clair Ave W,2431 St Clair Ave W,43.668938,-79.482133,Call ahead to confirm,,False,False,False,False,False,,Call ahead to confirm services are available.,0.0,Faith Community — Christian
2365 St Clair Ave W,2365 St Clair Ave W,43.669485,-79.480266,Call ahead to confirm,,False,False,False,False,False,,Call ahead to confirm services are available.,0.0,Faith Community — Christian
Maria Street Mission Church,186 Maria St,43.666625,-79.478818,Call ahead to confirm,,False,False,False,False,False,,Call ahead to confirm services are available.,0.0,Faith Community — Christian
St Paul The Apostle,3230 Dundas St W,43.665843,-79.477691,Call ahead to confirm,4167677054,False,False,False,False,False,,Call ahead to confirm services are available.,0.0,Faith Community — Christian
3346 Dundas St W,3346 Dundas St W,43.66578,-79.481545,Call ahead to confirm,4167669443,False,False,False,False,False,,Call ahead to confirm services are available.,0.0,Faith Community — Christian
Grace Church Of The Nazarene,624 Annette St,43.659805,-79.482207,Call ahead to confirm,,False,False,False,False,False,,Call ahead to confirm services are available.,0.0,Faith Community — Christian
Humbercrest United Church,16 Baby Point Rd,43.658471,-79.490006,Call ahead to confirm,4167676122,False,False,False,False,False,,Call ahead to confirm services are available.,0.0,Faith Community — Christian
Runnymede Presbyterian Church,680 Annette St,43.659338,-79.485014,Call ahead to confirm,4167672689,False,False,False,False,False,,Call ahead to confirm services are available.,0.0,Faith Community — Christian
St James Church,740 Annette St,43.65884,-79.486535,Call ahead to confirm,4167676467,False,False,False,False,False,,Call ahead to confirm services are available.,0.0,Faith Community — Christian
St Pauls Church,404 Willard Ave,43.65545,-79.483959,Call ahead to confirm,,False,False,False,False,False,,Call ahead to confirm services are available.,0.0,Faith Community — Christian
429 Runnymede Rd,429 Runnymede Rd,43.657151,-79.478539,Call ahead to confirm,4167676729,False,False,False,False,False,,Call ahead to confirm services are available.,0.0,Faith Community — Christian
Runnymede Baptist Church,60 Colbeck St,43.654865,-79.47838,Call ahead to confirm,4167671401,False,False,False,False,False,,Call ahead to confirm services are available.,0.0,Faith Community — Christian
The Church Of St. John,288 Humberside Ave,43.66064,-79.469193,Call ahead to confirm,,False,False,False,False,False,,Call ahead to confirm services are available.,0.0,Faith Community — Christian
Holy Cross Priory,204 High Park Ave,43.660589,-79.468716,Call ahead to confirm,4167679081,False,False,False,False,False,,Call ahead to confirm services are available.,0.0,Faith Community — Christian
501 Parkside Dr,501 Parkside Dr,43.653772,-79.459257,Call ahead to confirm,4167619965,False,False,False,False,False,,Call ahead to confirm services are available.,0.0,Faith Community — Christian
1691 Bloor St W,1691 Bloor St W,43.654933,-79.457338,Call ahead to confirm,4167661424,False,False,False,False,False,,Call ahead to confirm services are available.,0.0,Faith Community — Christian
2393 Dundas St W,2393 Dundas St W,43.657768,-79.453158,Call ahead to confirm,,False,False,False,False,False,,Call ahead to confirm services are available.,0.0,Faith Community — Christian
The Rhodes Ave Corps,236 Rhodes Ave,43.671552,-79.320281,Call ahead to confirm,(416) 778-7315,False,False,False,False,False,,Call ahead to confirm services are available.,0.0,Faith Community — Buddhist
Broadview Faith Temple,296 Broadview Ave,43.663845,-79.352266,Call ahead to confirm,4164636901,False,False,False,False,False,,Call ahead to confirm services are available.,0.0,Faith Community — Christian
223 Sherbourne St,223 Sherbourne St,43.658211,-79.370642,Call ahead to confirm,,False,False,False,False,False,,Call ahead to confirm services are available.,0.0,Faith Community — Christian
Malvern Community Baptist Church,31 Melford Dr,43.807739,-79.236085,Call ahead to confirm,(416) 321-1366,False,False,False,False,False,,Call ahead to confirm services are available.,0.0,Faith Community — Christian
200 Church St,200 Church St,43.655478,-79.377011,Call ahead to confirm,4163640234,False,False,False,False,False,,Call ahead to confirm services are available.,0.0,Faith Community — Catholic
177 Mutual St,177 Mutual St,43.65955,-79.376533,Call ahead to confirm,(416) 935-1759,False,False,False,False,False,,Call ahead to confirm services are available.,0.0,Faith Community — Buddhist
Sacred Heart Catholic Church,381 Sherbourne St,43.663815,-79.373038,Call ahead to confirm,4169222177,False,False,False,False,False,,Call ahead to confirm services are available.,0.0,Faith Community — Catholic
Holy Eucharist Ukranian Catholic Church,515 Broadview Ave,43.670896,-79.3537,Call ahead to confirm,,False,False,False,False,False,,Call ahead to confirm services are available.,0.0,Faith Community — Catholic
285 Danforth Ave,285 Danforth Ave,43.676804,-79.354147,Call ahead to confirm,,False,False,False,False,False,,Call ahead to confirm services are available.,0.0,Faith Community — Christian
849 Don Mills Rd,849 Don Mills Rd,43.723593,-79.338571,Call ahead to confirm,,False,False,False,False,False,,Call ahead to confirm services are available.,0.0,Faith Community — Catholic
Estonian Baptist Church,883 Broadview Ave,43.680395,-79.357354,Call ahead to confirm,,False,False,False,False,False,,Call ahead to confirm services are available.,0.0,Faith Community — Christian
831-833 Broadview Ave,831-833 Broadview Ave,43.678864,-79.358013,Call ahead to confirm,,False,False,False,False,False,,Call ahead to confirm services are available.,0.0,Faith Community — Catholic
1111 Arrow Rd,1111 Arrow Rd,43.752388,-79.534485,Call ahead to confirm,(416) 241-1100,False,False,False,False,False,,Call ahead to confirm services are available.,0.0,Faith Community — Christian
Latter Day Saints,1099 Broadview Ave,43.686307,-79.355848,Call ahead to confirm,4164299492,False,False,False,False,False,,Call ahead to confirm services are available.,0.0,Faith Community — Christian
Bethel Baptist Church,36 Whitewood Rd,43.703634,-79.37588,Call ahead to confirm,4164854611,False,False,False,False,False,,Call ahead to confirm services are available.,0.0,Faith Community — Christian
47 Queen's Park Cres E,47 Queen's Park Cres E,43.664731,-79.390657,Call ahead to confirm,,False,False,False,False,False,,Call ahead to confirm services are available.,0.0,Faith Community — Buddhist
United Church Of Canada,126 O'Connor Dr,43.693463,-79.350736,Call ahead to confirm,,False,False,False,False,False,,Call ahead to confirm services are available.,0.0,Faith Community — Christian
Bethany Baptist Church,1041 Pape Ave,43.68921,-79.34847,Call ahead to confirm,,False,False,False,False,False,,Call ahead to confirm services are available.,0.0,Faith Community — Christian
Trustees Of Westminster,152 Floyd Ave,43.68752,-79.349263,Call ahead to confirm,4164252214,False,False,False,False,False,,Call ahead to confirm services are available.,0.0,Faith Community — Buddhist
Holy Cross Church,291 Cosburn Ave,43.691057,-79.340975,Call ahead to confirm,,False,False,False,False,False,,Call ahead to confirm services are available.,0.0,Faith Community — Christian
Cosburn United Church,324 Cosburn Ave,43.692278,-79.338095,Call ahead to confirm,4164215771,False,False,False,False,False,,Call ahead to confirm services are available.,0.0,Faith Community — Christian
1394 Woodbine Ave,1394 Woodbine Ave,43.698361,-79.318607,Call ahead to confirm,4164219765,False,False,False,False,False,,Call ahead to confirm services are available.,0.0,Faith Community — Christian
Chapel In The Park,16 Thorncliffe Park Dr,43.70406,-79.347408,Call ahead to confirm,,False,False,False,False,False,,Call ahead to confirm services are available.,0.0,Faith Community — Christian
Church Of Jesus Christ Of Latter-Day Sts,24 Ferrand Dr,43.720269,-79.336113,Call ahead to confirm,(416) 422-5480,False,False,False,False,False,,Call ahead to confirm services are available.,0.0,Faith Community — Christian
5 Grenoble Dr,5 Grenoble Dr,43.715357,-79.333749,Call ahead to confirm,,False,False,False,False,False,,Call ahead to confirm services are available.,0.0,Faith Community — Christian
Church of Christ,1708 Bayview Ave,43.709066,-79.376799,Call ahead to confirm,4164897405,False,False,False,False,False,,Call ahead to confirm services are available.,0.0,Faith Community — Christian
50 Gervais Dr,50 Gervais Dr,43.725324,-79.338312,Call ahead to confirm,4163915000,False,False,False,False,False,,Call ahead to confirm services are available.,0.0,Faith Community — Christian
6 Codeco Crt,6 Codeco Crt,43.736052,-79.32757,Call ahead to confirm,(416) 444-1716,False,False,False,False,False,,Call ahead to confirm services are available.,0.0,Faith Community — Christian
Chinese Mandarin Christian Church,5 Codeco Crt,43.735688,-79.328404,Call ahead to confirm,(416) 391-2283,False,False,False,False,False,,Call ahead to confirm services are available.,0.0,Faith Community — Christian
Church Of The Ascencion,33 Overland Dr,43.732069,-79.347459,Call ahead to confirm,,False,False,False,False,False,,Call ahead to confirm services are available.,0.0,Faith Community — Christian
Baptist Church,235 The Donway E,43.740691,-79.342348,Call ahead to confirm,4164470731,False,False,False,False,False,,Call ahead to confirm services are available.,0.0,Faith Community — Christian
190 Railside Rd,190 Railside Rd,43.739369,-79.324127,Call ahead to confirm,(416) 497-4940,False,False,False,False,False,,Call ahead to confirm services are available.,0.0,Faith Community — Christian
150 Railside Rd,150 Railside Rd,43.737565,-79.326022,Call ahead to confirm,(416) 285-4735,False,False,False,False,False,,Call ahead to confirm services are available.,0.0,Faith Community — Christian
22 Carnforth Rd,22 Carnforth Rd,43.740597,-79.315576,Call ahead to confirm,(416) 615-2204,False,False,False,False,False,,Call ahead to confirm services are available.,0.0,Faith Community — Christian
1315 Lawrence Ave E,1315 Lawrence Ave E,43.740225,-79.322956,Call ahead to confirm,4164431835,False,False,False,False,False,,Call ahead to confirm services are available.,0.0,Faith Community — Buddhist
Grace Chinese Church,2800 Don Mills Rd E,43.78021,-79.349441,Call ahead to confirm,4164931435,False,False,False,False,False,,Call ahead to confirm services are available.,0.0,Faith Community — Christian
St Timothys Church,21 Leith Hill Rd,43.776218,-79.350489,Call ahead to confirm,4164946526,False,False,False,False,False,,Call ahead to confirm services are available.,0.0,Faith Community — Catholic
Armeniam Brotherhood Bible,2755 Victoria Park Ave,43.779766,-79.324394,Call ahead to confirm,(416) 492-3300,False,False,False,False,False,,Call ahead to confirm services are available.,0.0,Faith Community — Christian
St. Johns United Church,2 Nobert Rd,43.771646,-79.319552,Call ahead to confirm,(416) 491-1224,False,False,False,False,False,,Call ahead to confirm services are available.,0.0,Faith Community — Christian
St. Johns United Church,2 Nobert Rd,43.771646,-79.319552,Call ahead to confirm,(416) 491-1224,False,False,False,False,False,,Call ahead to confirm services are available.,0.0,Faith Community — Christian
Church of St. Andrew,2333-2347 Victoria Park Ave,43.765305,-79.317975,Call ahead to confirm,(416) 447-1481,False,False,False,False,False,,Call ahead to confirm services are available.,0.0,Faith Community — Christian
Church of St. Andrew,2333-2347 Victoria Park Ave,43.765305,-79.317975,Call ahead to confirm,(416) 447-1481,False,False,False,False,False,,Call ahead to confirm services are available.,0.0,Faith Community — Christian
Church of St. Andrew,2333-2347 Victoria Park Ave,43.765305,-79.317975,Call ahead to confirm,(416) 447-1481,False,False,False,False,False,,Call ahead to confirm services are available.,0.0,Faith Community — Christian
Church of St. Andrew,2333-2347 Victoria Park Ave,43.765305,-79.317975,Call ahead to confirm,4164471481,False,False,False,False,False,,Call ahead to confirm services are available.,0.0,Faith Community — Christian
3 Combermere Dr,3 Combermere Dr,43.755555,-79.315242,Call ahead to confirm,,False,False,False,False,False,,Call ahead to confirm services are available.,0.0,Faith Community — Christian
Kingdom Hall Of Jehovahs,701 Ellesmere Rd,43.763602,-79.288986,Call ahead to confirm,,False,False,False,False,False,,Call ahead to confirm services are available.,0.0,Faith Community — Christian
Dayspring Christian Fellowship,2 Delbert Dr,43.763878,-79.286109,Call ahead to confirm,(416) 752-7520,False,False,False,False,False,,Call ahead to confirm services are available.,0.0,Faith Community — Christian
764 Ellesmere Rd,764 Ellesmere Rd,43.764927,-79.287009,Call ahead to confirm,(905) 831-6422,False,False,False,False,False,,Call ahead to confirm services are available.,0.0,Faith Community — Christian
1645 Warden Ave,1645 Warden Ave,43.767688,-79.302344,Call ahead to confirm,,False,False,False,False,False,,Call ahead to confirm services are available.,0.0,Faith Community — Christian
3410 Sheppard Ave E,3410 Sheppard Ave E,43.779298,-79.307017,Call ahead to confirm,(416) 321-6630,False,False,False,False,False,,Call ahead to confirm services are available.,0.0,Faith Community — Buddhist
480 Huntingwood Dr,480 Huntingwood Dr,43.785016,-79.314556,Call ahead to confirm,(416) 497-5437,False,False,False,False,False,,Call ahead to confirm services are available.,0.0,Faith Community — Christian
Free Methodist Church,2385 Warden Ave,43.785983,-79.310456,Call ahead to confirm,(416) 497-7122,False,False,False,False,False,,Call ahead to confirm services are available.,0.0,Faith Community — Christian
Free Methodist Church,2385 Warden Ave,43.785983,-79.310456,Call ahead to confirm,(416) 497-7122,False,False,False,False,False,,Call ahead to confirm services are available.,0.0,Faith Community — Christian
2240-2250 Midland Ave,2240-2250 Midland Ave,43.776055,-79.274628,Call ahead to confirm,,False,False,False,False,False,,Call ahead to confirm services are available.,0.0,Faith Community — Christian
2240-2250 Midland Ave,2240-2250 Midland Ave,43.776055,-79.274628,Call ahead to confirm,,False,False,False,False,False,,Call ahead to confirm services are available.,0.0,Faith Community — Christian
St. Timothy Anglican Church,4125 Sheppard Ave E,43.784149,-79.282105,Call ahead to confirm,(416) 293-5711,False,False,False,False,False,,Call ahead to confirm services are available.,0.0,Faith Community — Christian
Knox United Church,2569 Midland Ave,43.786062,-79.27848,Call ahead to confirm,(416) 293-4424,False,False,False,False,False,,Call ahead to confirm services are available.,0.0,Faith Community — Christian
Knox United Church,2569 Midland Ave,43.786062,-79.27848,Call ahead to confirm,(416) 293-4424,False,False,False,False,False,,Call ahead to confirm services are available.,0.0,Faith Community — Christian
Grace Christian Reformed,25 Channel Nine Crt,43.784238,-79.256658,Call ahead to confirm,(416) 293-0373,False,False,False,False,False,,Call ahead to confirm services are available.,0.0,Faith Community — Christian
11-31 Progress Ave,11-31 Progress Ave,43.769677,-79.28007,Call ahead to confirm,(416) 229-7930,False,False,False,False,False,,Call ahead to confirm services are available.,0.0,Faith Community — Christian
Dorset Park Baptist Church,1428 Kennedy Rd,43.764517,-79.281324,Call ahead to confirm,(416) 752-4100,False,False,False,False,False,,Call ahead to confirm services are available.,0.0,Faith Community — Christian
1860 Midland Ave,1860 Midland Ave,43.764574,-79.271756,Call ahead to confirm,,False,False,False,False,False,,Call ahead to confirm services are available.,0.0,Faith Community — Christian
1570 Midland Ave,1570 Midland Ave,43.755728,-79.266936,Call ahead to confirm,(416) 759-1794,False,False,False,False,False,,Call ahead to confirm services are available.,0.0,Faith Community — Christian
Trustees Of Ferndale,614 Brimley Rd,43.742362,-79.251142,Call ahead to confirm,4162670805,False,False,False,False,False,,Call ahead to confirm services are available.,0.0,Faith Community — Christian
St Lawrence The Martyr,2210 Lawrence Ave E,43.748937,-79.280605,Call ahead to confirm,(416) 759-9359,False,False,False,False,False,,Call ahead to confirm services are available.,0.0,Faith Community — Christian
2500 Lawrence Ave E,2500 Lawrence Ave E,43.752122,-79.267854,Call ahead to confirm,(416) 755-0456,False,False,False,False,False,,Call ahead to confirm services are available.,0.0,Faith Community — Christian
St Giles Anglican Church,37 Kecala Rd,43.754133,-79.2797,Call ahead to confirm,(416) 755-5316,False,False,False,False,False,,Call ahead to confirm services are available.,0.0,Faith Community — Christian
1228 Birchmount Rd,1228 Birchmount Rd,43.745965,-79.284602,Call ahead to confirm,4167591602,False,False,False,False,False,,Call ahead to confirm services are available.,0.0,Faith Community — Christian
1737 Lawrence Ave E,1737 Lawrence Ave E,43.742084,-79.307482,Call ahead to confirm,4167512661,False,False,False,False,False,,Call ahead to confirm services are available.,0.0,Faith Community — Christian
10 Carnforth Rd,10 Carnforth Rd,43.741028,-79.315096,Call ahead to confirm,(416) 757-4171,False,False,False,False,False,,Call ahead to confirm services are available.,0.0,Faith Community — Christian
Church Of St Jude,10 Howarth Ave,43.738719,-79.305969,Call ahead to confirm,4167555872,False,False,False,False,False,,Call ahead to confirm services are available.,0.0,Faith Community — Christian
United Church Of Canada,7 Gretna Ave,43.734653,-79.315409,Call ahead to confirm,(416) 755-9581,False,False,False,False,False,,Call ahead to confirm services are available.,0.0,Faith Community — Christian
Emmanuel Lutheran Manor,1684 Victoria Park Ave,43.732881,-79.306594,Call ahead to confirm,,False,False,False,False,False,,Call ahead to confirm services are available.,0.0,Faith Community — Christian
1641 Victoria Park Ave,1641 Victoria Park Ave,43.732461,-79.305434,Call ahead to confirm,4167516077,False,False,False,False,False,,Call ahead to confirm services are available.,0.0,Faith Community — Christian
Saint Boniface Church,142 Markham Rd,43.739907,-79.217909,Call ahead to confirm,(416) 261-5983,False,False,False,False,False,,Call ahead to confirm services are available.,0.0,Faith Community — Catholic
793 Pharmacy Ave,793 Pharmacy Ave,43.720854,-79.294442,Call ahead to confirm,(416) 837-6993,False,False,False,False,False,,Call ahead to confirm services are available.,0.0,Faith Community — Christian
Anglican Parish Churches In Toronto,700 Kennedy Rd,43.728008,-79.267237,Call ahead to confirm,(416) 261-7659,False,False,False,False,False,,Call ahead to confirm services are available.,0.0,Faith Community — Christian
St Maria Goretti Church,717 Kennedy Rd,43.729317,-79.266105,Call ahead to confirm,,False,False,False,False,False,,Call ahead to confirm services are available.,0.0,Faith Community — Catholic
2567 Eglinton Ave E,2567 Eglinton Ave E,43.734571,-79.255837,Call ahead to confirm,(416) 269-5502,False,False,False,False,False,,Call ahead to confirm services are available.,0.0,Faith Community — Buddhist
37 St Phillips Rd,37 St Phillips Rd,43.701925,-79.532569,Call ahead to confirm,(416) 247-5181,False,False,False,False,False,,Call ahead to confirm services are available.,0.0,Faith Community — Christian
83 Commonwealth Ave,83 Commonwealth Ave,43.73212,-79.2554,Call ahead to confirm,(416) 267-8073,False,False,False,False,False,,Call ahead to confirm services are available.,0.0,Faith Community — Christian
30 Eppleworth Rd,30 Eppleworth Rd,43.7267,-79.263291,Call ahead to confirm,(416) 267-3372,False,False,False,False,False,,Call ahead to confirm services are available.,0.0,Faith Community — Christian
Christ Church,155 Markham Rd,43.741764,-79.217802,Call ahead to confirm,,False,False,False,False,False,,Call ahead to confirm services are available.,0.0,Faith Community — Christian
The Kennedy Road Church,661 Kennedy Rd,43.725616,-79.264672,Call ahead to confirm,(416) 269-5566,False,False,False,False,False,,Call ahead to confirm services are available.,0.0,Faith Community — Christian
599 Kennedy Rd,599 Kennedy Rd,43.724541,-79.264382,Call ahead to confirm,(416) 265-3708,False,False,False,False,False,,Call ahead to confirm services are available.,0.0,Faith Community — Christian
Cliffcrest United Church,1 McCowan Rd,43.726088,-79.232291,Call ahead to confirm,4162613083,False,False,False,False,False,,Call ahead to confirm services are available.,0.0,Faith Community — Christian
40 Barbados Blvd,40 Barbados Blvd,43.736238,-79.241675,Call ahead to confirm,(416) 269-8803,False,False,False,False,False,,Call ahead to confirm services are available.,0.0,Faith Community — Christian
St Davids Presbyterian Church,1290 Danforth Rd,43.740767,-79.245793,Call ahead to confirm,,False,False,False,False,False,,Call ahead to confirm services are available.,0.0,Faith Community — Christian
Church Of Jesus Christ,395 McCowan Rd,43.74125,-79.238607,Call ahead to confirm,(416) 439-4977,False,False,False,False,False,,Call ahead to confirm services are available.,0.0,Faith Community — Christian
24 Nelson St,24 Nelson St,43.74679,-79.232201,Call ahead to confirm,(416) 439-4004,False,False,False,False,False,,Call ahead to confirm services are available.,0.0,Faith Community — Christian
14 Centre St,14 Centre St,43.743802,-79.221409,Call ahead to confirm,,False,False,False,False,False,,Call ahead to confirm services are available.,0.0,Faith Community — Christian
Church Of The Holy Trinity,85 Livingston Rd,43.746968,-79.198375,Call ahead to confirm,,False,False,False,False,False,,Call ahead to confirm services are available.,0.0,Faith Community — Christian
Gospel Hall,159 Morningside Ave,43.762987,-79.183569,Call ahead to confirm,(416) 281-0616,False,False,False,False,False,,Call ahead to confirm services are available.,0.0,Faith Community — Christian
Heron Park Baptist Church,4260 Lawrence Ave E,43.770215,-79.180496,Call ahead to confirm,(416) 284-1741,False,False,False,False,False,,Call ahead to confirm services are available.,0.0,Faith Community — Christian
4698 Kingston Rd,4698 Kingston Rd,43.778621,-79.172363,Call ahead to confirm,,False,False,False,False,False,,Call ahead to confirm services are available.,0.0,Faith Community — Buddhist
West Hill United Church,62 Orchard Park Dr,43.774183,-79.179605,Call ahead to confirm,416-282-8566,False,False,False,False,False,,Call ahead to confirm services are available.,0.0,Faith Community — Christian
West Hill United Church,62 Orchard Park Dr,43.774183,-79.179605,Call ahead to confirm,416-282-8566,False,False,False,False,False,,Call ahead to confirm services are available.,0.0,Faith Community — Christian
4566-4568 Kingston Rd,4566-4568 Kingston Rd,43.773523,-79.1846,Call ahead to confirm,(416) 282-1101,False,False,False,False,False,,Call ahead to confirm services are available.,0.0,Faith Community — Christian
20 Old Kingston Rd,20 Old Kingston Rd,43.775291,-79.183725,Call ahead to confirm,(416) 284-5922,False,False,False,False,False,,Call ahead to confirm services are available.,0.0,Faith Community — Christian
Melville Presbyterian Church,70 Old Kingston Rd,43.776782,-79.181168,Call ahead to confirm,(416) 283-3703,False,False,False,False,False,,Call ahead to confirm services are available.,0.0,Faith Community — Christian
St Martin De Porres Church,4179 Lawrence Ave E,43.767695,-79.187535,Call ahead to confirm,,False,False,False,False,False,,Call ahead to confirm services are available.,0.0,Faith Community — Catholic
St Margarets Anglican Church,4130 Lawrence Ave E,43.768628,-79.192695,Call ahead to confirm,(416) 284-4121,False,False,False,False,False,,Call ahead to confirm services are available.,0.0,Faith Community — Christian
Scarborough Seventh-Day,235 Poplar Rd,43.765435,-79.190455,Call ahead to confirm,(416) 284-9475,False,False,False,False,False,,Call ahead to confirm services are available.,0.0,Faith Community — Christian
Faith Baptist Church,3837 Lawrence Ave E,43.762399,-79.211108,Call ahead to confirm,,False,False,False,False,False,,Call ahead to confirm services are available.,0.0,Faith Community — Christian
Trustees Of St Stephens,3817 Lawrence Ave E,43.762122,-79.21234,Call ahead to confirm,(416) 431-0841,False,False,False,False,False,,Call ahead to confirm services are available.,0.0,Faith Community — Christian
St Marks United Church,115 Orton Park Rd,43.770278,-79.207842,Call ahead to confirm,4164398623,False,False,False,False,False,,Call ahead to confirm services are available.,0.0,Faith Community — Christian
Church Of The Master,3385 Lawrence Ave E,43.757681,-79.233358,Call ahead to confirm,,False,False,False,False,False,,Call ahead to confirm services are available.,0.0,Faith Community — Christian
700 Progress Ave,700 Progress Ave,43.778206,-79.247911,Call ahead to confirm,,False,False,False,False,False,,Call ahead to confirm services are available.,0.0,Faith Community — Christian
1085 Bellamy Rd N,1085 Bellamy Rd N,43.775637,-79.241332,Call ahead to confirm,,False,False,False,False,False,,Call ahead to confirm services are available.,0.0,Faith Community — Christian
1940 Ellesmere Rd,1940 Ellesmere Rd,43.775953,-79.240499,Call ahead to confirm,4162899500,False,False,False,False,False,,Call ahead to confirm services are available.,0.0,Faith Community — Christian
East Toronto Church Of God,869 Progress Ave,43.780564,-79.237633,Call ahead to confirm,4164387453,False,False,False,False,False,,Call ahead to confirm services are available.,0.0,Faith Community — Christian
50-192 Shorting Rd,50-192 Shorting Rd,43.793778,-79.250137,Call ahead to confirm,,False,False,False,False,False,,Call ahead to confirm services are available.,0.0,Faith Community — Christian
Ukrainian Catholic Church,1490 Markham Rd,43.788518,-79.238264,Call ahead to confirm,,False,False,False,False,False,,Call ahead to confirm services are available.,0.0,Faith Community — Catholic
5780-5800 Sheppard Ave E,5780-5800 Sheppard Ave E,43.795646,-79.23141,Call ahead to confirm,(416) 299-5234,False,False,False,False,False,,Call ahead to confirm services are available.,0.0,Faith Community — Christian
Saint Barnabas Catholic Church,10 Washburn Way,43.796541,-79.228354,Call ahead to confirm,(416) 298-0989,False,False,False,False,False,,Call ahead to confirm services are available.,0.0,Faith Community — Catholic
2220 Markham Rd,2220 Markham Rd,43.809478,-79.244097,Call ahead to confirm,(416) 332-8802,False,False,False,False,False,,Call ahead to confirm services are available.,0.0,Faith Community — Buddhist
5633-5639 Finch Ave E,5633-5639 Finch Ave E,43.813414,-79.237979,Call ahead to confirm,(416) 609-3621,False,False,False,False,False,,Call ahead to confirm services are available.,0.0,Faith Community — Christian
5633-5639 Finch Ave E,5633-5639 Finch Ave E,43.813414,-79.237979,Call ahead to confirm,(416) 335-1783,False,False,False,False,False,,Call ahead to confirm services are available.,0.0,Faith Community — Christian
10 Sewell's Rd,10 Sewell's Rd,43.807243,-79.217789,Call ahead to confirm,(416) 284-2728,False,False,False,False,False,,Call ahead to confirm services are available.,0.0,Faith Community — Christian
Presbyterian Church In Canada,1301 Neilson Rd,43.807035,-79.218364,Call ahead to confirm,(416) 284-2632,False,False,False,False,False,,Call ahead to confirm services are available.,0.0,Faith Community — Christian
Toronto United Church,25 Sewell's Rd,43.807416,-79.215816,Call ahead to confirm,(416) 530-0806,False,False,False,False,False,,Call ahead to confirm services are available.,0.0,Faith Community — Christian
1425 Morningside Ave,1425 Morningside Ave,43.811231,-79.203094,Call ahead to confirm,(416) 283-4228,False,False,False,False,False,,Call ahead to confirm services are available.,0.0,Faith Community — Christian
1345 Morningside Ave,1345 Morningside Ave,43.807066,-79.200981,Call ahead to confirm,(416) 286-5450,False,False,False,False,False,,Call ahead to confirm services are available.,0.0,Faith Community — Christian
Churchill Heights Baptist Church,7601 Sheppard Ave E,43.801094,-79.201646,Call ahead to confirm,,False,False,False,False,False,,Call ahead to confirm services are available.,0.0,Faith Community — Christian
Malvern Christian Assembly,6705 Sheppard Ave E,43.797832,-79.216727,Call ahead to confirm,(416) 284 4853,False,False,False,False,False,,Call ahead to confirm services are available.,0.0,Faith Community — Christian
Malvern Christian Assembly,6705 Sheppard Ave E,43.797832,-79.216727,Call ahead to confirm,(416) 284 4853,False,False,False,False,False,,Call ahead to confirm services are available.,0.0,Faith Community — Christian
Malvern Christian Assembly,6705 Sheppard Ave E,43.797832,-79.216727,Call ahead to confirm,(416) 284 4853,False,False,False,False,False,,Call ahead to confirm services are available.,0.0,Faith Community — Christian
St Anne Ukranian Church,525 Morrish Rd,43.790842,-79.173032,Call ahead to confirm,4162849642,False,False,False,False,False,,Call ahead to confirm services are available.,0.0,Faith Community — Catholic
United Church Of Canada,6540 Kingston Rd,43.794332,-79.15433,Call ahead to confirm,,False,False,False,False,False,,Call ahead to confirm services are available.,0.0,Faith Community — Christian
3471 Kennedy Rd,3471 Kennedy Rd,43.821487,-79.305708,Call ahead to confirm,,False,False,False,False,False,,Call ahead to confirm services are available.,0.0,Faith Community — Buddhist
3471 Kennedy Rd,3471 Kennedy Rd,43.821487,-79.305708,Call ahead to confirm,,False,False,False,False,False,,Call ahead to confirm services are available.,0.0,Faith Community — Buddhist
3501 Kennedy Rd,3501 Kennedy Rd,43.822583,-79.305911,Call ahead to confirm,(416) 292-8196,False,False,False,False,False,,Call ahead to confirm services are available.,0.0,Faith Community — Christian
44 Captains Way,44 Captains Way,43.82617,-79.293531,Call ahead to confirm,(416) 321-5663,False,False,False,False,False,,Call ahead to confirm services are available.,0.0,Faith Community — Buddhist
265 Alton Towers Crcl,265 Alton Towers Crcl,43.824763,-79.278555,Call ahead to confirm,4162919422,False,False,False,False,False,,Call ahead to confirm services are available.,0.0,Faith Community — Christian
St Johns Presbyterian Church,410 Goldhawk Trl,43.826036,-79.278962,Call ahead to confirm,(416) 335-3489,False,False,False,False,False,,Call ahead to confirm services are available.,0.0,Faith Community — Catholic
St Johns Presbyterian Church,410 Goldhawk Trl,43.826036,-79.278962,Call ahead to confirm,(416) 299-6537,False,False,False,False,False,,Call ahead to confirm services are available.,0.0,Faith Community — Christian
400 Passmore Ave,400 Passmore Ave,43.829199,-79.258185,Call ahead to confirm,,False,False,False,False,False,,Call ahead to confirm services are available.,0.0,Faith Community — Christian
705 Middlefield Rd,705 Middlefield Rd,43.817974,-79.260537,Call ahead to confirm,4163328701,False,False,False,False,False,,Call ahead to confirm services are available.,0.0,Faith Community — Buddhist
60 Nugget Ave,60 Nugget Ave,43.7934,-79.258019,Call ahead to confirm,4163351849,False,False,False,False,False,,Call ahead to confirm services are available.,0.0,Faith Community — Christian
95 Nugget Ave,95 Nugget Ave,43.792785,-79.256149,Call ahead to confirm,4163213127,False,False,False,False,False,,Call ahead to confirm services are available.,0.0,Faith Community — Christian
Agincourt Baptist Church,37 Glen Watford Dr,43.790195,-79.277057,Call ahead to confirm,(416) 291-0191,False,False,False,False,False,,Call ahead to confirm services are available.,0.0,Faith Community — Christian
2950 Midland Ave,2950 Midland Ave,43.802181,-79.286097,Call ahead to confirm,4162986500,False,False,False,False,False,,Call ahead to confirm services are available.,0.0,Faith Community — Catholic
Agincourt Pentacostal Assembly,2885 Kennedy Rd,43.80258,-79.296726,Call ahead to confirm,(416) 291-9575,False,False,False,False,False,,Call ahead to confirm services are available.,0.0,Faith Community — Christian
The Scarborough Chinese Baptist,2610 Birchmount Rd,43.79076,-79.303024,Call ahead to confirm,(416) 297-8011,False,False,False,False,False,,Call ahead to confirm services are available.,0.0,Faith Community — Christian
Bridlewood Presbyterian,2501 Warden Ave,43.790375,-79.312467,Call ahead to confirm,,False,False,False,False,False,,Call ahead to confirm services are available.,0.0,Faith Community — Christian
2300 Bridletowne Crcl,2300 Bridletowne Crcl,43.799423,-79.3147,Call ahead to confirm,(416) 497-3599,False,False,False,False,False,,Call ahead to confirm services are available.,0.0,Faith Community — Christian
St Aidan Catholic Church,3501 Finch Ave E,43.797449,-79.310209,Call ahead to confirm,(416) 494-2704,False,False,False,False,False,,Call ahead to confirm services are available.,0.0,Faith Community — Catholic
Agincourt Temple,3080 Birchmount Rd,43.803441,-79.309387,Call ahead to confirm,(416) 497-7520,False,False,False,False,False,,Call ahead to confirm services are available.,0.0,Faith Community — Christian
Agincourt Temple,3080 Birchmount Rd,43.803441,-79.309387,Call ahead to confirm,(416) 497-7520,False,False,False,False,False,,Call ahead to confirm services are available.,0.0,Faith Community — Christian
Agincourt Temple,3080 Birchmount Rd,43.803441,-79.309387,Call ahead to confirm,(416) 497-7520,False,False,False,False,False,,Call ahead to confirm services are available.,0.0,Faith Community — Christian
18 Trojan Gt,18 Trojan Gt,43.804686,-79.296331,Call ahead to confirm,(416) 298-1069,False,False,False,False,False,,Call ahead to confirm services are available.,0.0,Faith Community — Buddhist
18 Trojan Gt,18 Trojan Gt,43.804686,-79.296331,Call ahead to confirm,4162981069,False,False,False,False,False,,Call ahead to confirm services are available.,0.0,Faith Community — Buddhist
200 Silver Star Blvd,200 Silver Star Blvd,43.809448,-79.29437,Call ahead to confirm,4164126234,False,False,False,False,False,,Call ahead to confirm services are available.,0.0,Faith Community — Buddhist
3838 Midland Ave,3838 Midland Ave,43.819404,-79.294743,Call ahead to confirm,,False,False,False,False,False,,Call ahead to confirm services are available.,0.0,Faith Community — Christian
Chinese United Church,3300 Kennedy Rd,43.817488,-79.304831,Call ahead to confirm,(416) 754-7147,False,False,False,False,False,,Call ahead to confirm services are available.,0.0,Faith Community — Christian
Chinese United Church,3300 Kennedy Rd,43.817488,-79.304831,Call ahead to confirm,(416) 754-7147,False,False,False,False,False,,Call ahead to confirm services are available.,0.0,Faith Community — Christian
390 Bamburgh Crcl,390 Bamburgh Crcl,43.816541,-79.323809,Call ahead to confirm,(416) 499-4890,False,False,False,False,False,,Call ahead to confirm services are available.,0.0,Faith Community — Christian
390 Bamburgh Crcl,390 Bamburgh Crcl,43.816541,-79.323809,Call ahead to confirm,(416) 499-4890,False,False,False,False,False,,Call ahead to confirm services are available.,0.0,Faith Community — Christian
Epiphany Of Our Lord Church,3200 Pharmacy Ave,43.800214,-79.329693,Call ahead to confirm,(416) 499-2196,False,False,False,False,False,,Call ahead to confirm services are available.,0.0,Faith Community — Catholic
3250 Finch Ave E,3250 Finch Ave E,43.796706,-79.319844,Call ahead to confirm,(416) 494-3269,False,False,False,False,False,,Call ahead to confirm services are available.,0.0,Faith Community — Christian
3250 Finch Ave E,3250 Finch Ave E,43.796706,-79.319844,Call ahead to confirm,(416) 494-3269,False,False,False,False,False,,Call ahead to confirm services are available.,0.0,Faith Community — Christian
291 Sheppard Ave W,291 Sheppard Ave W,43.758241,-79.424682,Call ahead to confirm,4162500177,False,False,False,False,False,,Call ahead to confirm services are available.,0.0,Faith Community — Christian
2575 Pharmacy Ave,2575 Pharmacy Ave,43.794044,-79.32479,Call ahead to confirm,(416) 497-7667,False,False,False,False,False,,Call ahead to confirm services are available.,0.0,Faith Community — Christian
2575 Pharmacy Ave,2575 Pharmacy Ave,43.794044,-79.32479,Call ahead to confirm,(416) 497-7667,False,False,False,False,False,,Call ahead to confirm services are available.,0.0,Faith Community — Christian
25 Axsmith Cres,25 Axsmith Cres,43.78865,-79.352188,Call ahead to confirm,4164916421,False,False,False,False,False,,Call ahead to confirm services are available.,0.0,Faith Community — Christian
Banfield Memorial Church,89 Centre Ave,43.792642,-79.41067,Call ahead to confirm,4162233496,False,False,False,False,False,,Call ahead to confirm services are available.,0.0,Faith Community — Christian
Blessed Trinity Church,3220 Bayview Ave,43.787263,-79.393431,Call ahead to confirm,4162260262,False,False,False,False,False,,Call ahead to confirm services are available.,0.0,Faith Community — Christian
Chinese Mandarin Christian,116 Norton Ave,43.773779,-79.406471,Call ahead to confirm,,False,False,False,False,False,,Call ahead to confirm services are available.,0.0,Faith Community — Christian
Seventh Day Adventist Church,160 Hendon Ave,43.779967,-79.424511,Call ahead to confirm,,False,False,False,False,False,,Call ahead to confirm services are available.,0.0,Faith Community — Christian
80 Finch Ave W,80 Finch Ave W,43.778498,-79.422569,Call ahead to confirm,4162222494,False,False,False,False,False,,Call ahead to confirm services are available.,0.0,Faith Community — Christian
4950 Yonge St,4950 Yonge St,43.76482,-79.412676,Call ahead to confirm,4167338544,False,False,False,False,False,,Call ahead to confirm services are available.,0.0,Faith Community — Christian
Church Of The Annunciation,157 Florence Ave,43.75628,-79.417651,Call ahead to confirm,,False,False,False,False,False,,Call ahead to confirm services are available.,0.0,Faith Community — Christian
110 Franklin Ave,110 Franklin Ave,43.755435,-79.415198,Call ahead to confirm,4165359192,False,False,False,False,False,,Call ahead to confirm services are available.,0.0,Faith Community — Catholic
All Souls Anglican Church,15 Clairtrell Rd,43.767483,-79.390082,Call ahead to confirm,4162217576,False,False,False,False,False,,Call ahead to confirm services are available.,0.0,Faith Community — Christian
The Evangelical Presbyterian,593 Sheppard Ave E,43.767202,-79.383661,Call ahead to confirm,,False,False,False,False,False,,Call ahead to confirm services are available.,0.0,Faith Community — Christian
650 Sheppard Ave E,650 Sheppard Ave E,43.768577,-79.381429,Call ahead to confirm,4162218866,False,False,False,False,False,,Call ahead to confirm services are available.,0.0,Faith Community — Catholic
Church Of Jesus Christ,19 Northdale Rd,43.76227,-79.385718,Call ahead to confirm,4164474943,False,False,False,False,False,,Call ahead to confirm services are available.,0.0,Faith Community — Christian
Agricola Finnish Lutheran Church,25 Old York Mills Rd,43.743404,-79.404312,Call ahead to confirm,,False,False,False,False,False,,Call ahead to confirm services are available.,0.0,Faith Community — Christian
Fifth Church Of Christ,41 Chatsworth Dr,43.721848,-79.403282,Call ahead to confirm,4164884343,False,False,False,False,False,,Call ahead to confirm services are available.,0.0,Faith Community — Christian
24 Cheritan Ave,24 Cheritan Ave,43.723214,-79.402917,Call ahead to confirm,4164812256,False,False,False,False,False,,Call ahead to confirm services are available.,0.0,Faith Community — Christian
Dewi Sant Welsh United Church,33 Melrose Ave,43.732481,-79.405284,Call ahead to confirm,4164857583,False,False,False,False,False,,Call ahead to confirm services are available.,0.0,Faith Community — Christian
Fairlawn Avenue United Church,28 Fairlawn Ave,43.730989,-79.404931,Call ahead to confirm,4164816848,False,False,False,False,False,,Call ahead to confirm services are available.,0.0,Faith Community — Christian
Brooke Avenue Baptist Church,157 Falkirk St,43.730842,-79.427869,Call ahead to confirm,,False,False,False,False,False,,Call ahead to confirm services are available.,0.0,Faith Community — Christian
St Eugenes Catholic Church,13 Regina Ave,43.727513,-79.432416,Call ahead to confirm,,False,False,False,False,False,,Call ahead to confirm services are available.,0.0,Faith Community — Catholic
Asbury & West United Church,3180 Bathurst St,43.722618,-79.431416,Call ahead to confirm,(416) 783-6503,False,False,False,False,False,,Call ahead to confirm services are available.,0.0,Faith Community — Christian
Presbyterian Church,103 Wilson Ave,43.740659,-79.416546,Call ahead to confirm,4164854000,False,False,False,False,False,,Call ahead to confirm services are available.,0.0,Faith Community — Christian
Church Of God In North York,720 Sheppard Ave W,43.754292,-79.445615,Call ahead to confirm,4166381015,False,False,False,False,False,,Call ahead to confirm services are available.,0.0,Faith Community — Christian
Church Of The Apostles,719 Sheppard Ave W,43.753766,-79.445184,Call ahead to confirm,4166380622,False,False,False,False,False,,Call ahead to confirm services are available.,0.0,Faith Community — Christian
New Covenant House,764 Sheppard Ave W,43.753816,-79.447949,Call ahead to confirm,,False,False,False,False,False,,Call ahead to confirm services are available.,0.0,Faith Community — Christian
788-796 Sheppard Ave W,788-796 Sheppard Ave W,43.753587,-79.449039,Call ahead to confirm,4166334631,False,False,False,False,False,,Call ahead to confirm services are available.,0.0,Faith Community — Christian
1011 Sheppard Ave W,1011 Sheppard Ave W,43.750721,-79.460169,Call ahead to confirm,(416) 534-4302,False,False,False,False,False,,Call ahead to confirm services are available.,0.0,Faith Community — Buddhist
Bethany Chapel,22 McAdam Ave,43.722789,-79.457614,Call ahead to confirm,(416) 785-1584,False,False,False,False,False,,Call ahead to confirm services are available.,0.0,Faith Community — Christian
278 Bridgeland Ave,278 Bridgeland Ave,43.724493,-79.46979,Call ahead to confirm,(416) 785-4620,False,False,False,False,False,,Call ahead to confirm services are available.,0.0,Faith Community — Christian
885 Wilson Ave,885 Wilson Ave,43.730437,-79.466647,Call ahead to confirm,9058134059,False,False,False,False,False,,Call ahead to confirm services are available.,0.0,Faith Community — Christian
80 Regent Rd,80 Regent Rd,43.732605,-79.463581,Call ahead to confirm,4166331886,False,False,False,False,False,,Call ahead to confirm services are available.,0.0,Faith Community — Christian
St Norberts Catholic Church,100 Regent Rd,43.732179,-79.465564,Call ahead to confirm,,False,False,False,False,False,,Call ahead to confirm services are available.,0.0,Faith Community — Catholic
United Church Canada,2822 Keele St,43.730094,-79.483391,Call ahead to confirm,4166334910,False,False,False,False,False,,Call ahead to confirm services are available.,0.0,Faith Community — Christian
Downsview Baptist Church,203 Downsview Ave,43.721283,-79.494167,Call ahead to confirm,,False,False,False,False,False,,Call ahead to confirm services are available.,0.0,Faith Community — Christian
Christian Congregation,1431 Wilson Ave,43.722144,-79.501353,Call ahead to confirm,,False,False,False,False,False,,Call ahead to confirm services are available.,0.0,Faith Community — Christian
1875 Sheppard Ave W,1875 Sheppard Ave W,43.740662,-79.504083,Call ahead to confirm,,False,False,False,False,False,,Call ahead to confirm services are available.,0.0,Faith Community — Christian
3585 Keele St,3585 Keele St,43.750598,-79.486959,Call ahead to confirm,4166365352,False,False,False,False,False,,Call ahead to confirm services are available.,0.0,Faith Community — Christian
96 Hucknall Rd,96 Hucknall Rd,43.755602,-79.497002,Call ahead to confirm,4166333807,False,False,False,False,False,,Call ahead to confirm services are available.,0.0,Faith Community — Christian
C. W. Jeffreys Collegiate Institute,340 Sentinel Rd,43.757676,-79.500091,Call ahead to confirm,(416) 831-6250,False,False,False,False,False,,Call ahead to confirm services are available.,0.0,Faith Community — Christian
Baptist Church,1725 Finch Ave W,43.759148,-79.506333,Call ahead to confirm,(416) 633-4021,False,False,False,False,False,,Call ahead to confirm services are available.,0.0,Faith Community — Christian
1290 Finch Ave W,1290 Finch Ave W,43.765325,-79.489526,Call ahead to confirm,(416) 661-7932,False,False,False,False,False,,Call ahead to confirm services are available.,0.0,Faith Community — Christian
1290 Finch Ave W,1290 Finch Ave W,43.765325,-79.489526,Call ahead to confirm,(416) 650-5702,False,False,False,False,False,,Call ahead to confirm services are available.,0.0,Faith Community — Christian
1280 Finch Ave W,1280 Finch Ave W,43.764248,-79.488538,Call ahead to confirm,,False,False,False,False,False,,Call ahead to confirm services are available.,0.0,Faith Community — Christian
51 Toro Rd,51 Toro Rd,43.760429,-79.485022,Call ahead to confirm,4166359846,False,False,False,False,False,,Call ahead to confirm services are available.,0.0,Faith Community — Christian
Downsview Seventh Day Adventist Church,37 Bakersfield St,43.755824,-79.479318,Call ahead to confirm,4166356461,False,False,False,False,False,,Call ahead to confirm services are available.,0.0,Faith Community — Christian
28 Martin Ross Ave,28 Martin Ross Ave,43.774946,-79.471658,Call ahead to confirm,4166509550,False,False,False,False,False,,Call ahead to confirm services are available.,0.0,Faith Community — Christian
855-877 Alness St,855-877 Alness St,43.778958,-79.475034,Call ahead to confirm,,False,False,False,False,False,,Call ahead to confirm services are available.,0.0,Faith Community — Christian
Willowdale Seventh-Day Avdentist Church,535 Finch Ave W,43.77148,-79.445727,Call ahead to confirm,4166362471,False,False,False,False,False,,Call ahead to confirm services are available.,0.0,Faith Community — Christian
2401 Steeles Ave W,2401 Steeles Ave W,43.78411,-79.481422,Call ahead to confirm,4166639060,False,False,False,False,False,,Call ahead to confirm services are available.,0.0,Faith Community — Christian
360 Hullmar Dr,360 Hullmar Dr,43.773555,-79.523321,Call ahead to confirm,(416) 745-1995,False,False,False,False,False,,Call ahead to confirm services are available.,0.0,Faith Community — Christian
All Nations Full Gospel,4401 Steeles Ave W,43.77244,-79.532983,Call ahead to confirm,(416) 665-9964,False,False,False,False,False,,Call ahead to confirm services are available.,0.0,Faith Community — Christian
65 Irondale Dr,65 Irondale Dr,43.768366,-79.548495,Call ahead to confirm,(416) 744-4107,False,False,False,False,False,,Call ahead to confirm services are available.,0.0,Faith Community — Christian
139 Millwick Dr,139 Millwick Dr,43.760158,-79.568112,Call ahead to confirm,(416) 741-6285,False,False,False,False,False,,Call ahead to confirm services are available.,0.0,Faith Community — Christian
20 Millwick Dr,20 Millwick Dr,43.757053,-79.558692,Call ahead to confirm,,False,False,False,False,False,,Call ahead to confirm services are available.,0.0,Faith Community — Christian
94 Milvan Dr,94 Milvan Dr,43.7553,-79.558957,Call ahead to confirm,(416) 745-3579,False,False,False,False,False,,Call ahead to confirm services are available.,0.0,Faith Community — Christian
66 Milvan Dr,66 Milvan Dr,43.754476,-79.557059,Call ahead to confirm,,False,False,False,False,False,,Call ahead to confirm services are available.,0.0,Faith Community — Christian
Consolata Missionaries,2671 Islington Ave,43.739281,-79.565755,Call ahead to confirm,,False,False,False,False,False,,Call ahead to confirm services are available.,0.0,Faith Community — Christian
104-106 Fenmar Dr,104-106 Fenmar Dr,43.759555,-79.548265,Call ahead to confirm,(416) 740-1304,False,False,False,False,False,,Call ahead to confirm services are available.,0.0,Faith Community — Christian
94 Kenhar Dr,94 Kenhar Dr,43.761399,-79.549315,Call ahead to confirm,(416) 740-1979,False,False,False,False,False,,Call ahead to confirm services are available.,0.0,Faith Community — Christian
3640 Weston Rd,3640 Weston Rd,43.759505,-79.544482,Call ahead to confirm,,False,False,False,False,False,,Call ahead to confirm services are available.,0.0,Faith Community — Christian
12 High Meadow Pl,12 High Meadow Pl,43.755418,-79.539731,Call ahead to confirm,(416) 747-7879,False,False,False,False,False,,Call ahead to confirm services are available.,0.0,Faith Community — Buddhist
St Augustine Of Cantebury,80 Shoreham Dr,43.76849,-79.523682,Call ahead to confirm,,False,False,False,False,False,,Call ahead to confirm services are available.,0.0,Faith Community — Catholic
Christian Centre,4545 Jane St,43.768241,-79.518087,Call ahead to confirm,(416) 661-6770,False,False,False,False,False,,Call ahead to confirm services are available.,0.0,Faith Community — Christian
Presbyterian Church,1830 Finch Ave W,43.758431,-79.51321,Call ahead to confirm,(416) 663-3281,False,False,False,False,False,,Call ahead to confirm services are available.,0.0,Faith Community — Christian
1825 Finch Ave W,1825 Finch Ave W,43.757886,-79.511912,Call ahead to confirm,(416) 398-5884,False,False,False,False,False,,Call ahead to confirm services are available.,0.0,Faith Community — Buddhist
76 Eddystone Ave,76 Eddystone Ave,43.748398,-79.519966,Call ahead to confirm,,False,False,False,False,False,,Call ahead to confirm services are available.,0.0,Faith Community — Christian
117 Eddystone Ave,117 Eddystone Ave,43.748166,-79.519071,Call ahead to confirm,(416) 747-6074,False,False,False,False,False,,Call ahead to confirm services are available.,0.0,Faith Community — Christian
95A-105A Eddystone Ave,95A-105A Eddystone Ave,43.748272,-79.518604,Call ahead to confirm,(416) 747-5751,False,False,False,False,False,,Call ahead to confirm services are available.,0.0,Faith Community — Christian
95A-105A Eddystone Ave,95A-105A Eddystone Ave,43.748272,-79.518604,Call ahead to confirm,,False,False,False,False,False,,Call ahead to confirm services are available.,0.0,Faith Community — Christian
266-288 Eddystone Ave,266-288 Eddystone Ave,43.747898,-79.522275,Call ahead to confirm,(416) 746-0388,False,False,False,False,False,,Call ahead to confirm services are available.,0.0,Faith Community — Christian
The Living Faith Church of God,750 Oakdale Rd,43.75178,-79.527771,Call ahead to confirm,,False,False,False,False,False,,Call ahead to confirm services are available.,0.0,Faith Community — Christian
The Living Faith Church of God,750 Oakdale Rd,43.75178,-79.527771,Call ahead to confirm,(416) 745-8922,False,False,False,False,False,,Call ahead to confirm services are available.,0.0,Faith Community — Christian
155 Deerhide Cres,155 Deerhide Cres,43.746621,-79.533183,Call ahead to confirm,(416) 630-3646,False,False,False,False,False,,Call ahead to confirm services are available.,0.0,Faith Community — Christian
75 Deerhide Cres,75 Deerhide Cres,43.746903,-79.531799,Call ahead to confirm,(416) 826-5162,False,False,False,False,False,,Call ahead to confirm services are available.,0.0,Faith Community — Christian
800 Arrow Rd,800 Arrow Rd,43.748673,-79.532887,Call ahead to confirm,(416) 913-6826,False,False,False,False,False,,Call ahead to confirm services are available.,0.0,Faith Community — Christian
800 Arrow Rd,800 Arrow Rd,43.748673,-79.532887,Call ahead to confirm,(416) 746-5495,False,False,False,False,False,,Call ahead to confirm services are available.,0.0,Faith Community — Christian
29 Pemican Crt,29 Pemican Crt,43.749306,-79.530906,Call ahead to confirm,(416) 744-7693,False,False,False,False,False,,Call ahead to confirm services are available.,0.0,Faith Community — Christian
550 Oakdale Rd,550 Oakdale Rd,43.750094,-79.528373,Call ahead to confirm,(416) 742-2680,False,False,False,False,False,,Call ahead to confirm services are available.,0.0,Faith Community — Christian
550 Oakdale Rd,550 Oakdale Rd,43.750094,-79.528373,Call ahead to confirm,(416) 742-2680,False,False,False,False,False,,Call ahead to confirm services are available.,0.0,Faith Community — Christian
415 Oakdale Rd,415 Oakdale Rd,43.749211,-79.526741,Call ahead to confirm,,False,False,False,False,False,,Call ahead to confirm services are available.,0.0,Faith Community — Christian
475 Eddystone Ave,475 Eddystone Ave,43.746571,-79.526198,Call ahead to confirm,(416) 740-1949,False,False,False,False,False,,Call ahead to confirm services are available.,0.0,Faith Community — Christian
154A-218A Oakdale Rd,154A-218A Oakdale Rd,43.745109,-79.526339,Call ahead to confirm,(416) 743-0944,False,False,False,False,False,,Call ahead to confirm services are available.,0.0,Faith Community — Christian
135 Oakdale Rd,135 Oakdale Rd,43.743115,-79.525354,Call ahead to confirm,(416) 740-5235,False,False,False,False,False,,Call ahead to confirm services are available.,0.0,Faith Community — Christian
St Judes Church,3265 Weston Rd,43.741118,-79.53934,Call ahead to confirm,(416) 742-9072,False,False,False,False,False,,Call ahead to confirm services are available.,0.0,Faith Community — Catholic
United Church Of Faith,44 Rivalda Rd,43.737961,-79.535458,Call ahead to confirm,(416) 744-0435,False,False,False,False,False,,Call ahead to confirm services are available.,0.0,Faith Community — Christian
St Jane Frances Catholic,2747 Jane St,43.742921,-79.513283,Call ahead to confirm,,False,False,False,False,False,,Call ahead to confirm services are available.,0.0,Faith Community — Catholic
Beverly Hills United Church,63 Mayall Ave,43.7273,-79.518539,Call ahead to confirm,4162412724,False,False,False,False,False,,Call ahead to confirm services are available.,0.0,Faith Community — Christian
Beverly Hills United Church,63 Mayall Ave,43.7273,-79.518539,Call ahead to confirm,,False,False,False,False,False,,Call ahead to confirm services are available.,0.0,Faith Community — Christian
Beverly Hills United Church,63 Mayall Ave,43.7273,-79.518539,Call ahead to confirm,,False,False,False,False,False,,Call ahead to confirm services are available.,0.0,Faith Community — Christian
2256 Sheppard Ave W,2256 Sheppard Ave W,43.735784,-79.530456,Call ahead to confirm,(416) 745-0242,False,False,False,False,False,,Call ahead to confirm services are available.,0.0,Faith Community — Christian
St. Stephen's Presbyterian Church,3194 Weston Rd,43.737546,-79.539644,Call ahead to confirm,,False,False,False,False,False,,Call ahead to confirm services are available.,0.0,Faith Community — Christian
Second Christian Reformed Church,265 Albion Rd,43.721141,-79.546389,Call ahead to confirm,4167415571,False,False,False,False,False,,Call ahead to confirm services are available.,0.0,Faith Community — Christian
St. Paul The Apostle Church,2182 Kipling Ave,43.721818,-79.572298,Call ahead to confirm,,False,False,False,False,False,,Call ahead to confirm services are available.,0.0,Faith Community — Christian
St Benedict Catholic Church,2194 Kipling Ave,43.72273,-79.572368,Call ahead to confirm,4167433830,False,False,False,False,False,,Call ahead to confirm services are available.,0.0,Faith Community — Christian
Albion Gardens Presbyterian,80 Thistle Down Blvd,43.738002,-79.557006,Call ahead to confirm,,False,False,False,False,False,,Call ahead to confirm services are available.,0.0,Faith Community — Christian
3350 Weston Rd,3350 Weston Rd,43.745553,-79.54155,Call ahead to confirm,(416) 741-3558,False,False,False,False,False,,Call ahead to confirm services are available.,0.0,Faith Community — Christian
Church Of God Deliverance,2400 Finch Ave W,43.751472,-79.548673,Call ahead to confirm,(416) 747-6442,False,False,False,False,False,,Call ahead to confirm services are available.,0.0,Faith Community — Christian
Faith Church Of God In Christ,2300 Finch Ave W,43.753611,-79.542269,Call ahead to confirm,(416) 740-3879,False,False,False,False,False,,Call ahead to confirm services are available.,0.0,Faith Community — Christian
Perth Avenue Seventh Day,243 Perth Ave,43.661343,-79.450275,Call ahead to confirm,4165351909,False,False,False,False,False,,Call ahead to confirm services are available.,0.0,Faith Community — Christian
St Martin In The Field,151 Glenlake Ave,43.658066,-79.460499,Call ahead to confirm,4167677491,False,False,False,False,False,,Call ahead to confirm services are available.,0.0,Faith Community — Christian
2611 Dundas St W,2611 Dundas St W,43.66346,-79.457407,Call ahead to confirm,4162393305,False,False,False,False,False,,Call ahead to confirm services are available.,0.0,Faith Community — Christian
Roman Catholic Episcopal,1 Gillespie Ave,43.670362,-79.458043,Call ahead to confirm,4166563130,False,False,False,False,False,,Call ahead to confirm services are available.,0.0,Faith Community — Christian
Newborn Church Of God,2061 Davenport Rd,43.670368,-79.460052,Call ahead to confirm,4166512288,False,False,False,False,False,,Call ahead to confirm services are available.,0.0,Faith Community — Christian
88 Mulock Ave,88 Mulock Ave,43.67006,-79.465535,Call ahead to confirm,4167624195,False,False,False,False,False,,Call ahead to confirm services are available.,0.0,Faith Community — Christian
Keele St Church Of Christ,99 Annette St,43.663362,-79.463331,Call ahead to confirm,4167678911,False,False,False,False,False,,Call ahead to confirm services are available.,0.0,Faith Community — Christian
Victoria-Royce Presbyterian,152 Annette St,43.663626,-79.466853,Call ahead to confirm,,False,False,False,False,False,,Call ahead to confirm services are available.,0.0,Faith Community — Christian
West Toronto Gospel Hall,425 Pacific Ave,43.665963,-79.468265,Call ahead to confirm,4167626427,False,False,False,False,False,,Call ahead to confirm services are available.,0.0,Faith Community — Christian
West Toronto Baptist Church,3049 Dundas St W,43.665293,-79.471202,Call ahead to confirm,4165157953,False,False,False,False,False,,Call ahead to confirm services are available.,0.0,Faith Community — Christian
High Park United Church,260 High Park Ave,43.662492,-79.469729,Call ahead to confirm,4167626733,False,False,False,False,False,,Call ahead to confirm services are available.,0.0,Faith Community — Christian
1764 St Clair Ave W,1764 St Clair Ave W,43.67424,-79.46113,Call ahead to confirm,4166530766,False,False,False,False,False,,Call ahead to confirm services are available.,0.0,Faith Community — Christian
28 Talbot St,28 Talbot St,43.674367,-79.456448,Call ahead to confirm,4167338088,False,False,False,False,False,,Call ahead to confirm services are available.,0.0,Faith Community — Christian
73 MacKay Ave,73 MacKay Ave,43.676226,-79.445844,Call ahead to confirm,,False,False,False,False,False,,Call ahead to confirm services are available.,0.0,Faith Community — Christian
The Church Of St. Mark and Calvary,21 Blackthorn Ave,43.675076,-79.45852,Call ahead to confirm,4166561144,False,False,False,False,False,,Call ahead to confirm services are available.,0.0,Faith Community — Christian
Bible Way Of Jesus,24 Innes Ave,43.681339,-79.456984,Call ahead to confirm,,False,False,False,False,False,,Call ahead to confirm services are available.,0.0,Faith Community — Christian
Patterson Presbyterian Church,115 Harvie Ave,43.680287,-79.451057,Call ahead to confirm,,False,False,False,False,False,,Call ahead to confirm services are available.,0.0,Faith Community — Christian
St John Bosco Church,402 Westmount Ave,43.685937,-79.445576,Call ahead to confirm,4166511491,False,False,False,False,False,,Call ahead to confirm services are available.,0.0,Faith Community — Christian
332A Silverthorn Ave,332A Silverthorn Ave,43.683036,-79.463734,Call ahead to confirm,9058969222,False,False,False,False,False,,Call ahead to confirm services are available.,0.0,Faith Community — Christian
707 Old Weston Rd,707 Old Weston Rd,43.681256,-79.466815,Call ahead to confirm,,False,False,False,False,False,,Call ahead to confirm services are available.,0.0,Faith Community — Christian
325 Weston Rd,325 Weston Rd,43.678939,-79.473049,Call ahead to confirm,,False,False,False,False,False,,Call ahead to confirm services are available.,0.0,Faith Community — Christian
325 Weston Rd,325 Weston Rd,43.678939,-79.473049,Call ahead to confirm,,False,False,False,False,False,,Call ahead to confirm services are available.,0.0,Faith Community — Christian
1695 Keele St,1695 Keele St,43.685472,-79.472684,Call ahead to confirm,4166537756,False,False,False,False,False,,Call ahead to confirm services are available.,0.0,Faith Community — Christian
Humber Blvd Baptist Church,5 Louvain St,43.680912,-79.482575,Call ahead to confirm,4167660414,False,False,False,False,False,,Call ahead to confirm services are available.,0.0,Faith Community — Christian
Roman Catholic Episcopal,694 Weston Rd,43.682074,-79.477977,Call ahead to confirm,,False,False,False,False,False,,Call ahead to confirm services are available.,0.0,Faith Community — Christian
814 Jane St,814 Jane St,43.673768,-79.495028,Call ahead to confirm,4166042912,False,False,False,False,False,,Call ahead to confirm services are available.,0.0,Faith Community — Christian
130 Industry St,130 Industry St,43.694664,-79.49507,Call ahead to confirm,4162428069,False,False,False,False,False,,Call ahead to confirm services are available.,0.0,Faith Community — Christian
St Davids Anglican Church,1796 Lawrence Ave W,43.703777,-79.500831,Call ahead to confirm,,False,False,False,False,False,,Call ahead to confirm services are available.,0.0,Faith Community — Christian
St Bernard Of Clairvaux Church,1789 Lawrence Ave W,43.703161,-79.500538,Call ahead to confirm,4162416735,False,False,False,False,False,,Call ahead to confirm services are available.,0.0,Faith Community — Christian
Maple Leaf Drive Reformed Church,176 Maple Leaf Dr,43.711111,-79.497594,Call ahead to confirm,,False,False,False,False,False,,Call ahead to confirm services are available.,0.0,Faith Community — Christian
5 Maple Leaf Dr,5 Maple Leaf Dr,43.709079,-79.504452,Call ahead to confirm,,False,False,False,False,False,,Call ahead to confirm services are available.,0.0,Faith Community — Christian
St Philip Neri,2100 Jane St,43.719292,-79.508857,Call ahead to confirm,4162413101,False,False,False,False,False,,Call ahead to confirm services are available.,0.0,Faith Community — Christian
Church Of God Pillar,89 Springview Ave,43.717116,-79.502233,Call ahead to confirm,4162460093,False,False,False,False,False,,Call ahead to confirm services are available.,0.0,Faith Community — Christian
North Park Presbyterian Church,50 Erie St,43.717858,-79.481659,Call ahead to confirm,4162472641,False,False,False,False,False,,Call ahead to confirm services are available.,0.0,Faith Community — Christian
2301 Keele St,2301 Keele St,43.704067,-79.476678,Call ahead to confirm,4169164111,False,False,False,False,False,,Call ahead to confirm services are available.,0.0,Faith Community — Christian
28 Milford Ave,28 Milford Ave,43.705376,-79.474437,Call ahead to confirm,4166147795,False,False,False,False,False,,Call ahead to confirm services are available.,0.0,Faith Community — Christian
St Cuthberts United Church,1828 Eglinton Ave W,43.695969,-79.450304,Call ahead to confirm,4165347831,False,False,False,False,False,,Call ahead to confirm services are available.,0.0,Faith Community — Christian
Greenborough Community Church,2000 Keele St,43.697411,-79.475727,Call ahead to confirm,4166517074,False,False,False,False,False,,Call ahead to confirm services are available.,0.0,Faith Community — Christian
Jesus Christ Church,191 Schell Ave,43.696499,-79.461456,Call ahead to confirm,,False,False,False,False,False,,Call ahead to confirm services are available.,0.0,Faith Community — Christian
915 Davenport Rd,915 Davenport Rd,43.675252,-79.423508,Call ahead to confirm,,False,False,False,False,False,,Call ahead to confirm services are available.,0.0,Faith Community — Christian
The Glorious Church,2514 Eglinton Ave W,43.691443,-79.470621,Call ahead to confirm,4166567354,False,False,False,False,False,,Call ahead to confirm services are available.,0.0,Faith Community — Christian
2687 Eglinton Ave W,2687 Eglinton Ave W,43.68952,-79.476865,Call ahead to confirm,4166540114,False,False,False,False,False,,Call ahead to confirm services are available.,0.0,Faith Community — Christian
2350 Dufferin St,2350 Dufferin St,43.6952,-79.45037,Call ahead to confirm,4167852940,False,False,False,False,False,,Call ahead to confirm services are available.,0.0,Faith Community — Christian
St Hildas Anglican Church,2353 Dufferin St,43.695188,-79.449611,Call ahead to confirm,4167877911,False,False,False,False,False,,Call ahead to confirm services are available.,0.0,Faith Community — Christian
2 Hunter Ave,2 Hunter Ave,43.694521,-79.44995,Call ahead to confirm,4167859965,False,False,False,False,False,,Call ahead to confirm services are available.,0.0,Faith Community — Christian
Kingdom Hall,402 Oakwood Ave,43.688114,-79.43944,Call ahead to confirm,4166545503,False,False,False,False,False,,Call ahead to confirm services are available.,0.0,Faith Community — Christian
Oakwood Baptist Church,421 Oakwood Ave,43.689376,-79.439158,Call ahead to confirm,4166528020,False,False,False,False,False,,Call ahead to confirm services are available.,0.0,Faith Community — Christian
St Basils,449 Vaughan Rd,43.68938,-79.433844,Call ahead to confirm,4166563772,False,False,False,False,False,,Call ahead to confirm services are available.,0.0,Faith Community — Christian
439 Vaughan Rd,439 Vaughan Rd,43.689082,-79.433128,Call ahead to confirm,,False,False,False,False,False,,Call ahead to confirm services are available.,0.0,Faith Community — Christian
Forest Hill United Church,2 Wembley Rd,43.701887,-79.426061,Call ahead to confirm,4167830879,False,False,False,False,False,,Call ahead to confirm services are available.,0.0,Faith Community — Christian
The Open Bible Church,587 Oakwood Ave,43.696222,-79.442032,Call ahead to confirm,4167841312,False,False,False,False,False,,Call ahead to confirm services are available.,0.0,Faith Community — Christian
915 Roselawn Ave,915 Roselawn Ave,43.701724,-79.44247,Call ahead to confirm,4167830608,False,False,False,False,False,,Call ahead to confirm services are available.,0.0,Faith Community — Christian
Roman Catholic Church,292 Old Kingston Rd,43.783257,-79.171352,Call ahead to confirm,,False,False,False,False,False,,Call ahead to confirm services are available.,0.0,Faith Community — Christian
Rector & Church Wardens,1046 Avenue Rd,43.704993,-79.409247,Call ahead to confirm,4164839749,False,False,False,False,False,,Call ahead to confirm services are available.,0.0,Faith Community — Christian
United Church,1066 Avenue Rd,43.705773,-79.410133,Call ahead to confirm,4164850723,False,False,False,False,False,,Call ahead to confirm services are available.,0.0,Faith Community — Christian
Salvation Army,7 Eglinton Ave E,43.706689,-79.397275,Call ahead to confirm,4164887954,False,False,False,False,False,,Call ahead to confirm services are available.,0.0,Faith Community — Christian
Glenview Presbyterian Church,1 Glenview Ave,43.72013,-79.401826,Call ahead to confirm,4164881156,False,False,False,False,False,,Call ahead to confirm services are available.,0.0,Faith Community — Christian
New Apostolic Church,407 Dupont St,43.673329,-79.412486,Call ahead to confirm,,False,False,False,False,False,,Call ahead to confirm services are available.,0.0,Faith Community — Christian
Eglinton St. Georges United Church,35 Lytton Blvd,43.715421,-79.402958,Call ahead to confirm,4164811141,False,False,False,False,False,,Call ahead to confirm services are available.,0.0,Faith Community — Christian
St. Clement's Church,59 Briar Hill Ave,43.712943,-79.402106,Call ahead to confirm,4164836664,False,False,False,False,False,,Call ahead to confirm services are available.,0.0,Faith Community — Christian
St Peters Estonian Lutheran,817 Mount Pleasant Rd,43.709365,-79.390203,Call ahead to confirm,,False,False,False,False,False,,Call ahead to confirm services are available.,0.0,Faith Community — Christian
164 Eglinton Ave E,164 Eglinton Ave E,43.708021,-79.393448,Call ahead to confirm,,False,False,False,False,False,,Call ahead to confirm services are available.,0.0,Faith Community — Christian
First Christian Reformed,63 Taunton Rd,43.707826,-79.388098,Call ahead to confirm,4164814912,False,False,False,False,False,,Call ahead to confirm services are available.,0.0,Faith Community — Christian
Mount Pleasant Road Baptist,529 Mount Pleasant Rd,43.702338,-79.387293,Call ahead to confirm,4164817680,False,False,False,False,False,,Call ahead to confirm services are available.,0.0,Faith Community — Christian
Glebe Road United Church,20 Glebe Rd E,43.701566,-79.396277,Call ahead to confirm,4164846849,False,False,False,False,False,,Call ahead to confirm services are available.,0.0,Faith Community — Christian
Presbyterian Church,124 Belsize Dr,43.702583,-79.389373,Call ahead to confirm,4164851881,False,False,False,False,False,,Call ahead to confirm services are available.,0.0,Faith Community — Christian
Grace Missionary Baptist,369 Lawson Rd,43.788007,-79.146935,Call ahead to confirm,4162814865,False,False,False,False,False,,Call ahead to confirm services are available.,0.0,Faith Community — Christian
Grace Church On-The-Hill,304 Lonsdale Rd,43.689312,-79.410622,Call ahead to confirm,4164887884,False,False,False,False,False,,Call ahead to confirm services are available.,0.0,Faith Community — Christian
Rosedale Baptist Church,877 Yonge St,43.674249,-79.387973,Call ahead to confirm,,False,False,False,False,False,,Call ahead to confirm services are available.,0.0,Faith Community — Christian
45A Davenport Rd,45A Davenport Rd,43.672738,-79.389728,Call ahead to confirm,4169280101,False,False,False,False,False,,Call ahead to confirm services are available.,0.0,Faith Community — Christian
Spring Garden Baptist Church,112 Spring Garden Ave,43.765351,-79.406228,Call ahead to confirm,4162234593,False,False,False,False,False,,Call ahead to confirm services are available.,0.0,Faith Community — Christian
St Johns Evangelical,200 Balmoral Ave,43.684119,-79.402698,Call ahead to confirm,,False,False,False,False,False,,Call ahead to confirm services are available.,0.0,Faith Community — Christian
St Alphonsus Catholic Church,540 St Clair Ave W,43.683084,-79.420285,Call ahead to confirm,,False,False,False,False,False,,Call ahead to confirm services are available.,0.0,Faith Community — Christian
Hillcrest Church Of Christ,2 Vaughan Rd,43.681092,-79.418122,Call ahead to confirm,,False,False,False,False,False,,Call ahead to confirm services are available.,0.0,Faith Community — Christian
St. Michael and All Angels Church,611 St Clair Ave W,43.681858,-79.422848,Call ahead to confirm,4166533593,False,False,False,False,False,,Call ahead to confirm services are available.,0.0,Faith Community — Christian
New Testament Church Of God,94 Vaughan Rd,43.683557,-79.421349,Call ahead to confirm,4166562346,False,False,False,False,False,,Call ahead to confirm services are available.,0.0,Faith Community — Christian
Mount Zion Apostolic Church,106 Holland Park Ave,43.686447,-79.439317,Call ahead to confirm,4166528044,False,False,False,False,False,,Call ahead to confirm services are available.,0.0,Faith Community — Christian
Russian Orthodox Church,213 Winona Dr,43.680737,-79.432344,Call ahead to confirm,,False,False,False,False,False,,Call ahead to confirm services are available.,0.0,Faith Community — Christian
St Chad Anglican Church,1695 Dufferin St,43.678665,-79.442961,Call ahead to confirm,,False,False,False,False,False,,Call ahead to confirm services are available.,0.0,Faith Community — Christian
St Mary Of The Angels,1479 Dufferin St,43.672558,-79.440389,Call ahead to confirm,4165324779,False,False,False,False,False,,Call ahead to confirm services are available.,0.0,Faith Community — Christian
St Pauls Slovak Evangelical,1424 Davenport Rd,43.672868,-79.442644,Call ahead to confirm,,False,False,False,False,False,,Call ahead to confirm services are available.,0.0,Faith Community — Christian
St Nektarios Greek Orthodox,1223 Davenport Rd,43.674092,-79.434244,Call ahead to confirm,,False,False,False,False,False,,Call ahead to confirm services are available.,0.0,Faith Community — Christian
St Pauls Italian United,1116 Ossington Ave,43.671902,-79.43022,Call ahead to confirm,,False,False,False,False,False,,Call ahead to confirm services are available.,0.0,Faith Community — Christian
285 Christie St,285 Christie St,43.67114,-79.420992,Call ahead to confirm,,False,False,False,False,False,,Call ahead to confirm services are available.,0.0,Faith Community — Christian
St Anns Spiritual Baptist,645 Dupont St,43.671565,-79.420949,Call ahead to confirm,4165382143,False,False,False,False,False,,Call ahead to confirm services are available.,0.0,Faith Community — Christian
St Ephrasinia Byyelorussian,1008 Dovercourt Rd,43.667728,-79.4322,Call ahead to confirm,4165335772,False,False,False,False,False,,Call ahead to confirm services are available.,0.0,Faith Community — Christian
Restitution Bethesda Tabernacle,134 Hallam St,43.667428,-79.431465,Call ahead to confirm,4165339113,False,False,False,False,False,,Call ahead to confirm services are available.,0.0,Faith Community — Christian
33 Brandon Ave,33 Brandon Ave,43.66978,-79.441478,Call ahead to confirm,,False,False,False,False,False,,Call ahead to confirm services are available.,0.0,Faith Community — Christian
15 Brandon Ave,15 Brandon Ave,43.669866,-79.441175,Call ahead to confirm,,False,False,False,False,False,,Call ahead to confirm services are available.,0.0,Faith Community — Christian
1183 Dufferin St,1183 Dufferin St,43.664934,-79.437189,Call ahead to confirm,4165388800,False,False,False,False,False,,Call ahead to confirm services are available.,0.0,Faith Community — Christian
The Salvation Army,789 Dovercourt Rd,43.662451,-79.429439,Call ahead to confirm,4165318031,False,False,False,False,False,,Call ahead to confirm services are available.,0.0,Faith Community — Christian
40 Westmoreland Ave,40 Westmoreland Ave,43.661894,-79.431183,Call ahead to confirm,4165326571,False,False,False,False,False,,Call ahead to confirm services are available.,0.0,Faith Community — Christian
St Anthonys Church,1037 Bloor St W,43.660514,-79.431304,Call ahead to confirm,,False,False,False,False,False,,Call ahead to confirm services are available.,0.0,Faith Community — Christian
496-500 Gladstone Ave,496-500 Gladstone Ave,43.659622,-79.433914,Call ahead to confirm,4165325272,False,False,False,False,False,,Call ahead to confirm services are available.,0.0,Faith Community — Christian
St Sebastian,12 Pauline Ave,43.659893,-79.438134,Call ahead to confirm,4165362302,False,False,False,False,False,,Call ahead to confirm services are available.,0.0,Faith Community — Christian
867 College St,867 College St,43.653872,-79.423849,Call ahead to confirm,,False,False,False,False,False,,Call ahead to confirm services are available.,0.0,Faith Community — Christian
St Johns Lutheran,274 Concord Ave,43.660996,-79.427002,Call ahead to confirm,,False,False,False,False,False,,Call ahead to confirm services are available.,0.0,Faith Community — Christian
Ossington Ave Baptist Church,891 Bloor St W,43.661704,-79.425854,Call ahead to confirm,4165335091,False,False,False,False,False,,Call ahead to confirm services are available.,0.0,Faith Community — Christian
686 Ossington Ave,686 Ossington Ave,43.66061,-79.425441,Call ahead to confirm,4165323951,False,False,False,False,False,,Call ahead to confirm services are available.,0.0,Faith Community — Christian
609-615 Manning Ave,609-615 Manning Ave,43.660891,-79.414517,Call ahead to confirm,,False,False,False,False,False,,Call ahead to confirm services are available.,0.0,Faith Community — Christian
The Greek Orthodox Church,54 Clinton St,43.655683,-79.414322,Call ahead to confirm,,False,False,False,False,False,,Call ahead to confirm services are available.,0.0,Faith Community — Christian
410 College St,410 College St,43.657044,-79.406379,Call ahead to confirm,4169211687,False,False,False,False,False,,Call ahead to confirm services are available.,0.0,Faith Community — Christian
132 Nassau St,132 Nassau St,43.654748,-79.405461,Call ahead to confirm,,False,False,False,False,False,,Call ahead to confirm services are available.,0.0,Faith Community — Christian
St Vladimire,400 Bathurst St,43.653818,-79.407066,Call ahead to confirm,,False,False,False,False,False,,Call ahead to confirm services are available.,0.0,Faith Community — Christian
406 Bathurst St,406 Bathurst St,43.654096,-79.407162,Call ahead to confirm,4166033224,False,False,False,False,False,,Call ahead to confirm services are available.,0.0,Faith Community — Christian
First Baptist Church,108 D'Arcy St,43.654529,-79.396575,Call ahead to confirm,4169773508,False,False,False,False,False,,Call ahead to confirm services are available.,0.0,Faith Community — Christian
91 Bellevue Ave,91 Bellevue Ave,43.65626,-79.40384,Call ahead to confirm,4169252103,False,False,False,False,False,,Call ahead to confirm services are available.,0.0,Faith Community — Christian
St Stephens Church,103 Bellevue Ave,43.656959,-79.40398,Call ahead to confirm,,False,False,False,False,False,,Call ahead to confirm services are available.,0.0,Faith Community — Christian
Hungarian Reformed Evangelical,8 Robert St,43.657949,-79.402248,Call ahead to confirm,4162614340,False,False,False,False,False,,Call ahead to confirm services are available.,0.0,Faith Community — Christian
First Ukranian Pentecostal,557 Bathurst St,43.658148,-79.407979,Call ahead to confirm,,False,False,False,False,False,,Call ahead to confirm services are available.,0.0,Faith Community — Christian
First Filipino Baptist Church,382 Lippincott St,43.664794,-79.410197,Call ahead to confirm,4165344342,False,False,False,False,False,,Call ahead to confirm services are available.,0.0,Faith Community — Christian
St Peters Church,832 Bathurst St,43.665905,-79.411811,Call ahead to confirm,4165344219,False,False,False,False,False,,Call ahead to confirm services are available.,0.0,Faith Community — Christian
112 Howland Ave,112 Howland Ave,43.669321,-79.410466,Call ahead to confirm,,False,False,False,False,False,,Call ahead to confirm services are available.,0.0,Faith Community — Christian
First Church of Christ Scientist Toronto,196 St George St,43.669946,-79.401546,Call ahead to confirm,4169220065,False,False,False,False,False,,Call ahead to confirm services are available.,0.0,Faith Community — Christian
St Thomas Anglican Church,383 Huron St,43.665917,-79.400742,Call ahead to confirm,4169792323,False,False,False,False,False,,Call ahead to confirm services are available.,0.0,Faith Community — Christian
Knox Presbyterian Church,630 Spadina Ave,43.662541,-79.40239,Call ahead to confirm,4169218993,False,False,False,False,False,,Call ahead to confirm services are available.,0.0,Faith Community — Christian
2005 Sheppard Ave E,2005 Sheppard Ave E,43.774322,-79.338381,Call ahead to confirm,,False,False,False,False,False,,Call ahead to confirm services are available.,0.0,Faith Community — Christian
23 Charles St E,23 Charles St E,43.668662,-79.38493,Call ahead to confirm,4169220628,False,False,False,False,False,,Call ahead to confirm services are available.,0.0,Faith Community — Christian
St Andrews United Church,117 Bloor St E,43.670157,-79.38404,Call ahead to confirm,,False,False,False,False,False,,Call ahead to confirm services are available.,0.0,Faith Community — Christian
206 Mc Caul St,206 Mc Caul St,43.657118,-79.393047,Call ahead to confirm,,False,False,False,False,False,,Call ahead to confirm services are available.,0.0,Faith Community — Christian
1220 Ellesmere Rd,1220 Ellesmere Rd,43.769514,-79.268281,Call ahead to confirm,4162987762,False,False,False,False,False,,Call ahead to confirm services are available.,0.0,Faith Community — Christian
115 St Andrews Rd,115 St Andrews Rd,43.760164,-79.251834,Call ahead to confirm,4164384100,False,False,False,False,False,,Call ahead to confirm services are available.,0.0,Faith Community — Christian
St Peters Anglican Church,776 Brimley Rd,43.750531,-79.255133,Call ahead to confirm,4162672741,False,False,False,False,False,,Call ahead to confirm services are available.,0.0,Faith Community — Christian
722 Brimley Rd,722 Brimley Rd,43.748058,-79.253564,Call ahead to confirm,4162645178,False,False,False,False,False,,Call ahead to confirm services are available.,0.0,Faith Community — Christian
3148-3150 Kingston Rd,3148-3150 Kingston Rd,43.728772,-79.229008,Call ahead to confirm,,False,False,False,False,False,,Call ahead to confirm services are available.,0.0,Faith Community — Christian
Knob Hill United Church,23 Gage Ave,43.749027,-79.248825,Call ahead to confirm,,False,False,False,False,False,,Call ahead to confirm services are available.,0.0,Faith Community — Christian
Guildwood Community Presbyterian,140 Guildwood Pkwy,43.748003,-79.198892,Call ahead to confirm,4162614037,False,False,False,False,False,,Call ahead to confirm services are available.,0.0,Faith Community — Christian
St. Dunstan Of Canterbury Church,56 Lawson Rd,43.784155,-79.164854,Call ahead to confirm,4162831844,False,False,False,False,False,,Call ahead to confirm services are available.,0.0,Faith Community — Christian
290 Old Kingston Rd,290 Old Kingston Rd,43.78302,-79.171547,Call ahead to confirm,,False,False,False,False,False,,Call ahead to confirm services are available.,0.0,Faith Community — Christian
Salvation Army West Hill Citadel,305 Morrish Rd,43.785687,-79.171009,Call ahead to confirm,4162825333,False,False,False,False,False,,Call ahead to confirm services are available.,0.0,Faith Community — Christian
3731-3745 Lawrence Ave E,3731-3745 Lawrence Ave E,43.761446,-79.216567,Call ahead to confirm,4164310431,False,False,False,False,False,,Call ahead to confirm services are available.,0.0,Faith Community — Christian
St Marks United Church,115 Orton Park Rd,43.770278,-79.207842,Call ahead to confirm,4164398623,False,False,False,False,False,,Call ahead to confirm services are available.,0.0,Faith Community — Christian
Scarborough Pentecostal,710 Markham Rd,43.762622,-79.226896,Call ahead to confirm,4164381601,False,False,False,False,False,,Call ahead to confirm services are available.,0.0,Faith Community — Christian
St Mathews Lutheran Church,3159 Lawrence Ave E,43.754748,-79.242448,Call ahead to confirm,4164319252,False,False,False,False,False,,Call ahead to confirm services are available.,0.0,Faith Community — Christian
Roman Catholic Episcopal,3216 Lawrence Ave E,43.757014,-79.241552,Call ahead to confirm,4164386229,False,False,False,False,False,,Call ahead to confirm services are available.,0.0,Faith Community — Christian
St Ninians Anglican Church,930 Bellamy Rd N,43.766432,-79.239517,Call ahead to confirm,4164382211,False,False,False,False,False,,Call ahead to confirm services are available.,0.0,Faith Community — Christian
721-727 Progress Ave,721-727 Progress Ave,43.779087,-79.245553,Call ahead to confirm,4164387437,False,False,False,False,False,,Call ahead to confirm services are available.,0.0,Faith Community — Christian
1140 Bellamy Rd N,1140 Bellamy Rd N,43.776862,-79.243458,Call ahead to confirm,,False,False,False,False,False,,Call ahead to confirm services are available.,0.0,Faith Community — Christian
1095 Bellamy Rd N,1095 Bellamy Rd N,43.776081,-79.241709,Call ahead to confirm,4164387001,False,False,False,False,False,,Call ahead to confirm services are available.,0.0,Faith Community — Christian
1085 Bellamy Rd N,1085 Bellamy Rd N,43.775637,-79.241332,Call ahead to confirm,,False,False,False,False,False,,Call ahead to confirm services are available.,0.0,Faith Community — Christian
1950 Ellesmere Rd,1950 Ellesmere Rd,43.775939,-79.239825,Call ahead to confirm,,False,False,False,False,False,,Call ahead to confirm services are available.,0.0,Faith Community — Christian
1940 Ellesmere Rd,1940 Ellesmere Rd,43.775953,-79.240499,Call ahead to confirm,,False,False,False,False,False,,Call ahead to confirm services are available.,0.0,Faith Community — Christian
1990 Ellesmere Rd,1990 Ellesmere Rd,43.77651,-79.237862,Call ahead to confirm,,False,False,False,False,False,,Call ahead to confirm services are available.,0.0,Faith Community — Christian
885A Scarborough Golf Club Rd,885A Scarborough Golf Club Rd,43.77262,-79.219516,Call ahead to confirm,4164396933,False,False,False,False,False,,Call ahead to confirm services are available.,0.0,Faith Community — Christian
St Thomas More Church,2234 Ellesmere Rd,43.778383,-79.226216,Call ahead to confirm,,False,False,False,False,False,,Call ahead to confirm services are available.,0.0,Faith Community — Christian
Scarborough Masonic Temple,2201 Ellesmere Rd,43.776422,-79.230014,Call ahead to confirm,4164390511,False,False,False,False,False,,Call ahead to confirm services are available.,0.0,Faith Community — Christian
920 Progress Ave,920 Progress Ave,43.782451,-79.233376,Call ahead to confirm,,False,False,False,False,False,,Call ahead to confirm services are available.,0.0,Faith Community — Christian
185 Milner Ave,185 Milner Ave,43.786948,-79.241543,Call ahead to confirm,,False,False,False,False,False,,Call ahead to confirm services are available.,0.0,Faith Community — Christian
846 Progress Ave,846 Progress Ave,43.780913,-79.239576,Call ahead to confirm,,False,False,False,False,False,,Call ahead to confirm services are available.,0.0,Faith Community — Christian
801 Progress Ave,801 Progress Ave,43.779722,-79.24313,Call ahead to confirm,,False,False,False,False,False,,Call ahead to confirm services are available.,0.0,Faith Community — Christian
2721 Markham Rd,2721 Markham Rd,43.821081,-79.243623,Call ahead to confirm,4162911772,False,False,False,False,False,,Call ahead to confirm services are available.,0.0,Faith Community — Christian
2 Morningview Trl,2 Morningview Trl,43.813909,-79.206202,Call ahead to confirm,4162838008,False,False,False,False,False,,Call ahead to confirm services are available.,0.0,Faith Community — Christian
Grace Presbyterian Church,447 Port Union Rd,43.794976,-79.140788,Call ahead to confirm,,False,False,False,False,False,,Call ahead to confirm services are available.,0.0,Faith Community — Christian
3501 Kennedy Rd,3501 Kennedy Rd,43.822583,-79.305911,Call ahead to confirm,4162928196,False,False,False,False,False,,Call ahead to confirm services are available.,0.0,Faith Community — Christian
St Cyprans Anglican Church,1080 Finch Ave E,43.79089,-79.364941,Call ahead to confirm,,False,False,False,False,False,,Call ahead to confirm services are available.,0.0,Faith Community — Christian
256 Eglinton Ave W,256 Eglinton Ave W,43.705166,-79.406812,Call ahead to confirm,,False,False,False,False,False,,Call ahead to confirm services are available.,0.0,Faith Community — Christian
22A Birch Ave,22A Birch Ave,43.681365,-79.392559,Call ahead to confirm,,False,False,False,False,False,,Call ahead to confirm services are available.,0.0,Faith Community — Christian
635 Middlefield Rd,635 Middlefield Rd,43.815827,-79.259547,Call ahead to confirm,,False,False,False,False,False,,Call ahead to confirm services are available.,0.0,Faith Community — Christian
59 Heather Rd,59 Heather Rd,43.789989,-79.270274,Call ahead to confirm,4162915250,False,False,False,False,False,,Call ahead to confirm services are available.,0.0,Faith Community — Christian
3410 Midland Ave,3410 Midland Ave,43.810986,-79.290891,Call ahead to confirm,4163219288,False,False,False,False,False,,Call ahead to confirm services are available.,0.0,Faith Community — Christian
Grace Chinese Gospel Church,201 Tempo Ave,43.80529,-79.339767,Call ahead to confirm,,False,False,False,False,False,,Call ahead to confirm services are available.,0.0,Faith Community — Christian
Immanuel Baptist Church,1100 Finch Ave E,43.792904,-79.356302,Call ahead to confirm,,False,False,False,False,False,,Call ahead to confirm services are available.,0.0,Faith Community — Christian
St Cyprans Anglican Church,1080 Finch Ave E,43.79089,-79.364941,Call ahead to confirm,,False,False,False,False,False,,Call ahead to confirm services are available.,0.0,Faith Community — Christian
St Cyprans Anglican Church,1080 Finch Ave E,43.79089,-79.364941,Call ahead to confirm,,False,False,False,False,False,,Call ahead to confirm services are available.,0.0,Faith Community — Christian
St Cyprans Anglican Church,1080 Finch Ave E,43.79089,-79.364941,Call ahead to confirm,,False,False,False,False,False,,Call ahead to confirm services are available.,0.0,Faith Community — Christian
St Theodore Of Canterbury,111 Cactus Ave,43.791911,-79.433262,Call ahead to confirm,4162222461,False,False,False,False,False,,Call ahead to confirm services are available.,0.0,Faith Community — Christian
Salvation Army North York Temple,25 Centre Ave,43.791775,-79.415975,Call ahead to confirm,4162257968,False,False,False,False,False,,Call ahead to confirm services are available.,0.0,Faith Community — Christian
Newtonbrook Baptist Church,53 Madawaska Ave,43.794383,-79.414957,Call ahead to confirm,4162256571,False,False,False,False,False,,Call ahead to confirm services are available.,0.0,Faith Community — Christian
1087 Lillian St,1087 Lillian St,43.798478,-79.410402,Call ahead to confirm,,False,False,False,False,False,,Call ahead to confirm services are available.,0.0,Faith Community — Christian
Newtonbrook United Church,53 Cummer Ave,43.787153,-79.414971,Call ahead to confirm,,False,False,False,False,False,,Call ahead to confirm services are available.,0.0,Faith Community — Christian
Northview Community Church,172 Drewry Ave,43.785631,-79.425908,Call ahead to confirm,4162252341,False,False,False,False,False,,Call ahead to confirm services are available.,0.0,Faith Community — Christian
Immanuel Seventh Day Adventist,418 Drewry Ave,43.783191,-79.437394,Call ahead to confirm,,False,False,False,False,False,,Call ahead to confirm services are available.,0.0,Faith Community — Christian
241 Blake Ave,241 Blake Ave,43.779811,-79.431271,Call ahead to confirm,,False,False,False,False,False,,Call ahead to confirm services are available.,0.0,Faith Community — Christian
1000 Petrolia Rd,1000 Petrolia Rd,43.780145,-79.489317,Call ahead to confirm,,False,False,False,False,False,,Call ahead to confirm services are available.,0.0,Faith Community — Christian
St. Edward The Confessor Church,75 Churchill Ave,43.771691,-79.419126,Call ahead to confirm,4162219131,False,False,False,False,False,,Call ahead to confirm services are available.,0.0,Faith Community — Christian
Lansing Gospel Hall Assembly,41 Elmhurst Ave,43.76249,-79.413521,Call ahead to confirm,4164885045,False,False,False,False,False,,Call ahead to confirm services are available.,0.0,Faith Community — Christian
Lansing United Church,49 Bogert Ave,43.760015,-79.413119,Call ahead to confirm,4162211722,False,False,False,False,False,,Call ahead to confirm services are available.,0.0,Faith Community — Christian
York Masonic Temple,1100 Millwood Rd,43.702379,-79.353701,Call ahead to confirm,,False,False,False,False,False,,Call ahead to confirm services are available.,0.0,Faith Community — Christian
121 Willowdale Ave,121 Willowdale Ave,43.765112,-79.399843,Call ahead to confirm,,False,False,False,False,False,,Call ahead to confirm services are available.,0.0,Faith Community — Christian
280 Sheppard Ave E,280 Sheppard Ave E,43.764496,-79.398605,Call ahead to confirm,4162215975,False,False,False,False,False,,Call ahead to confirm services are available.,0.0,Faith Community — Christian
St. Elizabeth Of Hungary Church,432 Sheppard Ave E,43.76653,-79.391275,Call ahead to confirm,4162253300,False,False,False,False,False,,Call ahead to confirm services are available.,0.0,Faith Community — Christian
2609 Bayview Ave,2609 Bayview Ave,43.751656,-79.384238,Call ahead to confirm,4164475941,False,False,False,False,False,,Call ahead to confirm services are available.,0.0,Faith Community — Christian
2570 Bayview Ave,2570 Bayview Ave,43.750878,-79.385329,Call ahead to confirm,,False,False,False,False,False,,Call ahead to confirm services are available.,0.0,Faith Community — Christian
York Minster Citadel,1 Lord Seaton Rd,43.752433,-79.407228,Call ahead to confirm,,False,False,False,False,False,,Call ahead to confirm services are available.,0.0,Faith Community — Christian
St. John's York Mills Anglican Church,19 Don Ridge Dr,43.746977,-79.405237,Call ahead to confirm,4162256611,False,False,False,False,False,,Call ahead to confirm services are available.,0.0,Faith Community — Christian
Lawrence Park Community Church,2180 Bayview Ave,43.725044,-79.380504,Call ahead to confirm,4164891551,False,False,False,False,False,,Call ahead to confirm services are available.,0.0,Faith Community — Christian
St. Leonards Anglican Church,25 Wanless Ave,43.726283,-79.401539,Call ahead to confirm,4164857278,False,False,False,False,False,,Call ahead to confirm services are available.,0.0,Faith Community — Christian
30A Lawrence Ave E,30A Lawrence Ave E,43.725653,-79.400789,Call ahead to confirm,4167833570,False,False,False,False,False,,Call ahead to confirm services are available.,0.0,Faith Community — Christian
39 Ridley Blvd,39 Ridley Blvd,43.734575,-79.408436,Call ahead to confirm,,False,False,False,False,False,,Call ahead to confirm services are available.,0.0,Faith Community — Christian
Onnuri Korean United Church,63 Dunblaine Ave,43.735112,-79.422296,Call ahead to confirm,,False,False,False,False,False,,Call ahead to confirm services are available.,0.0,Faith Community — Christian
Melrose Baptist Church,375 Melrose Ave,43.72942,-79.419662,Call ahead to confirm,4167851980,False,False,False,False,False,,Call ahead to confirm services are available.,0.0,Faith Community — Christian
St Christophers Church,171 Delhi Ave,43.740072,-79.428381,Call ahead to confirm,4166358307,False,False,False,False,False,,Call ahead to confirm services are available.,0.0,Faith Community — Christian
St Joseph Of Arithmathea Orthodox Church,275 Wilson Heights Blvd,43.73685,-79.44948,Call ahead to confirm,,False,False,False,False,False,,Call ahead to confirm services are available.,0.0,Faith Community — Christian
St Fidelis Catholic Church,33 Connie St,43.722852,-79.473031,Call ahead to confirm,4162478741,False,False,False,False,False,,Call ahead to confirm services are available.,0.0,Faith Community — Christian
Laymens Evangical Fellows,955 Wilson Ave,43.726051,-79.474734,Call ahead to confirm,,False,False,False,False,False,,Call ahead to confirm services are available.,0.0,Faith Community — Christian
Laymens Evangical Fellows,955 Wilson Ave,43.726051,-79.474734,Call ahead to confirm,4166307084,False,False,False,False,False,,Call ahead to confirm services are available.,0.0,Faith Community — Christian
Laymens Evangical Fellows,955 Wilson Ave,43.726051,-79.474734,Call ahead to confirm,4166305298,False,False,False,False,False,,Call ahead to confirm services are available.,0.0,Faith Community — Christian
640 Wilson Ave,640 Wilson Ave,43.732189,-79.461067,Call ahead to confirm,4166317569,False,False,False,False,False,,Call ahead to confirm services are available.,0.0,Faith Community — Christian
Sala Del Regno Del Testmonio,1285 Wilson Ave,43.723701,-79.493626,Call ahead to confirm,,False,False,False,False,False,,Call ahead to confirm services are available.,0.0,Faith Community — Christian
99 Tuscan Gt,99 Tuscan Gt,43.754191,-79.483276,Call ahead to confirm,,False,False,False,False,False,,Call ahead to confirm services are available.,0.0,Faith Community — Christian
St Wilfreds Roman Catholic,1675 Finch Ave W,43.760519,-79.501164,Call ahead to confirm,,False,False,False,False,False,,Call ahead to confirm services are available.,0.0,Faith Community — Christian
1177 Finch Ave W,1177 Finch Ave W,43.764978,-79.481174,Call ahead to confirm,4162508145,False,False,False,False,False,,Call ahead to confirm services are available.,0.0,Faith Community — Christian
60 St Regis Cres,60 St Regis Cres,43.755013,-79.485309,Call ahead to confirm,,False,False,False,False,False,,Call ahead to confirm services are available.,0.0,Faith Community — Christian
140 St Regis Cres,140 St Regis Cres,43.755245,-79.481871,Call ahead to confirm,,False,False,False,False,False,,Call ahead to confirm services are available.,0.0,Faith Community — Christian
3848-3998 Chesswood Dr,3848-3998 Chesswood Dr,43.757068,-79.475253,Call ahead to confirm,4166316998,False,False,False,False,False,,Call ahead to confirm services are available.,0.0,Faith Community — Christian
3957-4069 Chesswood Dr,3957-4069 Chesswood Dr,43.758272,-79.476407,Call ahead to confirm,4167878010,False,False,False,False,False,,Call ahead to confirm services are available.,0.0,Faith Community — Christian
Revival Time Tabernacle,4340 Dufferin St,43.762689,-79.466445,Call ahead to confirm,4166309346,False,False,False,False,False,,Call ahead to confirm services are available.,0.0,Faith Community — Christian
77 Champagne Dr,77 Champagne Dr,43.766167,-79.470224,Call ahead to confirm,,False,False,False,False,False,,Call ahead to confirm services are available.,0.0,Faith Community — Christian
Elijah Free Reformed Church,1130 Finch Ave W,43.767017,-79.476377,Call ahead to confirm,4168564904,False,False,False,False,False,,Call ahead to confirm services are available.,0.0,Faith Community — Christian
Toronto Full Gospel Central,1100 Petrolia Rd,43.781006,-79.489897,Call ahead to confirm,4166639191,False,False,False,False,False,,Call ahead to confirm services are available.,0.0,Faith Community — Christian
4699 Keele St,4699 Keele St,43.774865,-79.493029,Call ahead to confirm,,False,False,False,False,False,,Call ahead to confirm services are available.,0.0,Faith Community — Christian
St Stephens Anglican Church,2259 Jane St,43.726722,-79.509545,Call ahead to confirm,4162414639,False,False,False,False,False,,Call ahead to confirm services are available.,0.0,Faith Community — Christian
Beverly Hills United Church,63 Mayall Ave,43.7273,-79.518539,Call ahead to confirm,4162415114,False,False,False,False,False,,Call ahead to confirm services are available.,0.0,Faith Community — Christian
St Timothy By The Humber,2840 Weston Rd,43.721024,-79.537754,Call ahead to confirm,,False,False,False,False,False,,Call ahead to confirm services are available.,0.0,Faith Community — Christian
595 Albion Rd,595 Albion Rd,43.730498,-79.55468,Call ahead to confirm,4167457570,False,False,False,False,False,,Call ahead to confirm services are available.,0.0,Faith Community — Christian
573 Albion Rd,573 Albion Rd,43.730378,-79.554623,Call ahead to confirm,,False,False,False,False,False,,Call ahead to confirm services are available.,0.0,Faith Community — Christian
2455-2459 Islington Ave,2455-2459 Islington Ave,43.726796,-79.560238,Call ahead to confirm,4167411110,False,False,False,False,False,,Call ahead to confirm services are available.,0.0,Faith Community — Christian
Rexdale United Church,87 Elmhurst Dr,43.722703,-79.55935,Call ahead to confirm,,False,False,False,False,False,,Call ahead to confirm services are available.,0.0,Faith Community — Christian
Our Savior Lutheran Church,2705 Islington Ave,43.741217,-79.566178,Call ahead to confirm,4167412110,False,False,False,False,False,,Call ahead to confirm services are available.,0.0,Faith Community — Christian
Seventh-Day Avdentist Reform Movement,24 Wardlaw Cres,43.739479,-79.564173,Call ahead to confirm,,False,False,False,False,False,,Call ahead to confirm services are available.,0.0,Faith Community — Christian
Metropolitan United Church,56 Queen St E,43.653854,-79.37666,Call ahead to confirm,4163630331,False,False,False,False,False,,Call ahead to confirm services are available.,0.0,Faith Community — Christian
Kipling Avenue Baptist Church,2240 Kipling Ave,43.726064,-79.574148,Call ahead to confirm,,False,False,False,False,False,,Call ahead to confirm services are available.,0.0,Faith Community — Christian
Martin Grove United Church,75 Pergola Rd,43.725699,-79.587053,Call ahead to confirm,,False,False,False,False,False,,Call ahead to confirm services are available.,0.0,Faith Community — Christian
247 Carrier Dr,247 Carrier Dr,43.751061,-79.616301,Call ahead to confirm,4162139623,False,False,False,False,False,,Call ahead to confirm services are available.,0.0,Faith Community — Christian
2001 Albion Rd,2001 Albion Rd,43.747328,-79.628204,Call ahead to confirm,4166753663,False,False,False,False,False,,Call ahead to confirm services are available.,0.0,Faith Community — Christian
6793 Steeles Ave W,6793 Steeles Ave W,43.756264,-79.608602,Call ahead to confirm,4167435861,False,False,False,False,False,,Call ahead to confirm services are available.,0.0,Faith Community — Christian
754 Indian Rd,754 Indian Rd,43.662299,-79.458989,Call ahead to confirm,,False,False,False,False,False,,Call ahead to confirm services are available.,0.0,Faith Community — Christian
114 Pape Ave,114 Pape Ave,43.662169,-79.338209,Call ahead to confirm,,False,False,False,False,False,,Call ahead to confirm services are available.,0.0,Faith Community — Christian
Wallace Memorial Baptist,5 Treewood St,43.75387,-79.263534,Call ahead to confirm,4167552929,False,False,False,False,False,,Call ahead to confirm services are available.,0.0,Faith Community — Christian
Newgate Korean Presbyterian Church,240 The Westway,43.687909,-79.549416,Call ahead to confirm,4162457008,False,False,False,False,False,,Call ahead to confirm services are available.,0.0,Faith Community — Christian
141 Mc Caul St,141 Mc Caul St,43.65509,-79.391497,Call ahead to confirm,4165983269,False,False,False,False,False,,Call ahead to confirm services are available.,0.0,Faith Community — Christian
131 Mc Caul St,131 Mc Caul St,43.654591,-79.391292,Call ahead to confirm,4165984835,False,False,False,False,False,,Call ahead to confirm services are available.,0.0,Faith Community — Christian
48 Fisher St,48 Fisher St,43.65066,-79.433766,Call ahead to confirm,,False,False,False,False,False,,Call ahead to confirm services are available.,0.0,Faith Community — Christian
Toronto Jaffray Chinese Alliance Church,9950 Sheppard Ave E,43.809153,-79.168767,Call ahead to confirm,4162822063,False,False,False,False,False,,Call ahead to confirm services are available.,0.0,Faith Community — Christian
42 Howard St,42 Howard St,43.672034,-79.373581,Call ahead to confirm,4169238714,False,False,False,False,False,,Call ahead to confirm services are available.,0.0,Faith Community — Christian
Knights of Columbus House,582 Sherbourne St,43.670913,-79.376693,Call ahead to confirm,4169222114,False,False,False,False,False,,Call ahead to confirm services are available.,0.0,Faith Community — Christian
156 Wychwood Ave,156 Wychwood Ave,43.682631,-79.42359,Call ahead to confirm,4166518741,False,False,False,False,False,,Call ahead to confirm services are available.,0.0,Faith Community — Christian
14 Barkwin Dr,14 Barkwin Dr,43.738598,-79.564946,Call ahead to confirm,,False,False,False,False,False,,Call ahead to confirm services are available.,0.0,Faith Community — Christian
580A Danforth Rd,580A Danforth Rd,43.711615,-79.263248,Call ahead to confirm,4162662553,False,False,False,False,False,,Call ahead to confirm services are available.,0.0,Faith Community — Christian
Holy Trinity Russian Greek,23 Henry St,43.65728,-79.393623,Call ahead to confirm,,False,False,False,False,False,,Call ahead to confirm services are available.,0.0,Faith Community — Christian
353 Bay St,353 Bay St,43.650768,-79.380854,Call ahead to confirm,,False,False,False,False,False,,Call ahead to confirm services are available.,0.0,Faith Community — Christian
St Andrews Presbyterian Church,75 Simcoe St,43.64706,-79.385546,Call ahead to confirm,4165935600,False,False,False,False,False,,Call ahead to confirm services are available.,0.0,Faith Community — Christian
24 Carr St,24 Carr St,43.649785,-79.402011,Call ahead to confirm,4165045155,False,False,False,False,False,,Call ahead to confirm services are available.,0.0,Faith Community — Christian
159 Claremont St,159 Claremont St,43.650534,-79.411131,Call ahead to confirm,4166038527,False,False,False,False,False,,Call ahead to confirm services are available.,0.0,Faith Community — Christian
St. Matthias Anglican Church,45 Bellwoods Ave,43.6478,-79.411148,Call ahead to confirm,4166036720,False,False,False,False,False,,Call ahead to confirm services are available.,0.0,Faith Community — Christian
St Nicholas Parish,4 Bellwoods Ave,43.646287,-79.411301,Call ahead to confirm,4165044174,False,False,False,False,False,,Call ahead to confirm services are available.,0.0,Faith Community — Christian
St Nickolas Ukranian Church,770 Queen St W,43.646005,-79.411192,Call ahead to confirm,4165044774,False,False,False,False,False,,Call ahead to confirm services are available.,0.0,Faith Community — Christian
St Marys Church,9 Portugal Sq,43.645268,-79.403741,Call ahead to confirm,,False,False,False,False,False,,Call ahead to confirm services are available.,0.0,Faith Community — Christian
St Stanislaus Church,16 Denison Ave,43.648475,-79.401123,Call ahead to confirm,4165044643,False,False,False,False,False,,Call ahead to confirm services are available.,0.0,Faith Community — Christian
1504 Queen St W,1504 Queen St W,43.640443,-79.438254,Call ahead to confirm,4166546271,False,False,False,False,False,,Call ahead to confirm services are available.,0.0,Faith Community — Christian
1515A Queen St W,1515A Queen St W,43.639285,-79.44144,Call ahead to confirm,,False,False,False,False,False,,Call ahead to confirm services are available.,0.0,Faith Community — Christian
Greek Orthodox Cathedral Of,136 Sorauren Ave,43.643559,-79.442811,Call ahead to confirm,,False,False,False,False,False,,Call ahead to confirm services are available.,0.0,Faith Community — Christian
1324 Queen St W,1324 Queen St W,43.641818,-79.431398,Call ahead to confirm,,False,False,False,False,False,,Call ahead to confirm services are available.,0.0,Faith Community — Christian
1318 Queen St W,1318 Queen St W,43.64187,-79.431242,Call ahead to confirm,4165328397,False,False,False,False,False,,Call ahead to confirm services are available.,0.0,Faith Community — Christian
1205 Queen St W,1205 Queen St W,43.64187,-79.428912,Call ahead to confirm,4165352232,False,False,False,False,False,,Call ahead to confirm services are available.,0.0,Faith Community — Christian
St Johns Cathedral,186 Cowan Ave,43.639745,-79.432757,Call ahead to confirm,4165328249,False,False,False,False,False,,Call ahead to confirm services are available.,0.0,Faith Community — Christian
Parkdale United Church,1355 King St W,43.637546,-79.432849,Call ahead to confirm,,False,False,False,False,False,,Call ahead to confirm services are available.,0.0,Faith Community — Christian
Slavic Pentecostal Church,1090 Queen St W,43.643736,-79.422316,Call ahead to confirm,,False,False,False,False,False,,Call ahead to confirm services are available.,0.0,Faith Community — Christian
Slavic Evangelical Baptist,95 Gladstone Ave,43.645518,-79.427938,Call ahead to confirm,4165320247,False,False,False,False,False,,Call ahead to confirm services are available.,0.0,Faith Community — Christian
140 Argyle St,140 Argyle St,43.646445,-79.42384,Call ahead to confirm,4165338405,False,False,False,False,False,,Call ahead to confirm services are available.,0.0,Faith Community — Christian
Slovak Greek Catholic Church,257 Shaw St,43.648947,-79.417491,Call ahead to confirm,4165314836,False,False,False,False,False,,Call ahead to confirm services are available.,0.0,Faith Community — Christian
St Agnes Church,938 Dundas St W,43.650969,-79.413727,Call ahead to confirm,,False,False,False,False,False,,Call ahead to confirm services are available.,0.0,Faith Community — Christian
St John The Baptist Church,170 Gore Vale Ave,43.650518,-79.413614,Call ahead to confirm,4166032266,False,False,False,False,False,,Call ahead to confirm services are available.,0.0,Faith Community — Christian
91 Grace St,91 Grace St,43.653513,-79.414463,Call ahead to confirm,4165368195,False,False,False,False,False,,Call ahead to confirm services are available.,0.0,Faith Community — Christian
1535A Dundas St W,1535A Dundas St W,43.649542,-79.432987,Call ahead to confirm,,False,False,False,False,False,,Call ahead to confirm services are available.,0.0,Faith Community — Christian
St Annes Anglican Church,651 Dufferin St,43.650239,-79.431254,Call ahead to confirm,4165361202,False,False,False,False,False,,Call ahead to confirm services are available.,0.0,Faith Community — Christian
1678 Dundas St W,1678 Dundas St W,43.650232,-79.437544,Call ahead to confirm,,False,False,False,False,False,,Call ahead to confirm services are available.,0.0,Faith Community — Christian
St Helens Church,1674 Dundas St W,43.650216,-79.437342,Call ahead to confirm,,False,False,False,False,False,,Call ahead to confirm services are available.,0.0,Faith Community — Christian
Olivet Baptist Church,36 Margueretta St,43.651046,-79.438004,Call ahead to confirm,4165351357,False,False,False,False,False,,Call ahead to confirm services are available.,0.0,Faith Community — Christian
High Park Baptist Church,9 Hewitt Ave,43.652228,-79.451846,Call ahead to confirm,,False,False,False,False,False,,Call ahead to confirm services are available.,0.0,Faith Community — Christian
2101 Dundas St W,2101 Dundas St W,43.652338,-79.448929,Call ahead to confirm,,False,False,False,False,False,,Call ahead to confirm services are available.,0.0,Faith Community — Christian
Howard Park Pentecostal Church,384 Sunnyside Ave,43.650319,-79.453413,Call ahead to confirm,4167666692,False,False,False,False,False,,Call ahead to confirm services are available.,0.0,Faith Community — Christian
St Vincent De Paul Catholic,265 Roncesvalles Ave,43.647111,-79.448584,Call ahead to confirm,4165357646,False,False,False,False,False,,Call ahead to confirm services are available.,0.0,Faith Community — Christian
Morningside-High Park Pres Church,4 Morningside Ave,43.646349,-79.473033,Call ahead to confirm,,False,False,False,False,False,,Call ahead to confirm services are available.,0.0,Faith Community — Christian
St Olaves Anglican Church,360 Windermere Ave,43.649619,-79.480822,Call ahead to confirm,,False,False,False,False,False,,Call ahead to confirm services are available.,0.0,Faith Community — Christian
Kingsway Lambton United Church,85 The Kingsway,43.652917,-79.507914,Call ahead to confirm,4162348224,False,False,False,False,False,,Call ahead to confirm services are available.,0.0,Faith Community — Christian
Royal York Road United Church,851 Royal York Rd,43.642738,-79.508918,Call ahead to confirm,4162319401,False,False,False,False,False,,Call ahead to confirm services are available.,0.0,Faith Community — Christian
Baptist Church - Humberville,763 Royal York Rd,43.637289,-79.506855,Call ahead to confirm,,False,False,False,False,False,,Call ahead to confirm services are available.,0.0,Faith Community — Christian
Incorporated Synod Diocese,194 Park Lawn Rd,43.629949,-79.49124,Call ahead to confirm,,False,False,False,False,False,,Call ahead to confirm services are available.,0.0,Faith Community — Christian
277 Park Lawn Rd,277 Park Lawn Rd,43.634181,-79.492268,Call ahead to confirm,,False,False,False,False,False,,Call ahead to confirm services are available.,0.0,Faith Community — Christian
Parklawn Baptist Church,276 Park Lawn Rd,43.634027,-79.492943,Call ahead to confirm,,False,False,False,False,False,,Call ahead to confirm services are available.,0.0,Faith Community — Christian
374 Sheppard Ave E,374 Sheppard Ave E,43.766082,-79.393534,Call ahead to confirm,4162223341,False,False,False,False,False,,Call ahead to confirm services are available.,0.0,Faith Community — Christian
756 Royal York Rd,756 Royal York Rd,43.636179,-79.507114,Call ahead to confirm,,False,False,False,False,False,,Call ahead to confirm services are available.,0.0,Faith Community — Christian
2379 Lake Shore Blvd W,2379 Lake Shore Blvd W,43.615332,-79.487999,Call ahead to confirm,,False,False,False,False,False,,Call ahead to confirm services are available.,0.0,Faith Community — Christian
414 Royal York Rd,414 Royal York Rd,43.620003,-79.500311,Call ahead to confirm,,False,False,False,False,False,,Call ahead to confirm services are available.,0.0,Faith Community — Christian
The Salvation Army,122 Mimico Ave,43.612927,-79.494854,Call ahead to confirm,,False,False,False,False,False,,Call ahead to confirm services are available.,0.0,Faith Community — Christian
217 Royal York Rd,217 Royal York Rd,43.612155,-79.496378,Call ahead to confirm,,False,False,False,False,False,,Call ahead to confirm services are available.,0.0,Faith Community — Christian
156 Sixth St,156 Sixth St,43.602166,-79.505039,Call ahead to confirm,4162592659,False,False,False,False,False,,Call ahead to confirm services are available.,0.0,Faith Community — Christian
182 Sixth St,182 Sixth St,43.603037,-79.505398,Call ahead to confirm,4162592588,False,False,False,False,False,,Call ahead to confirm services are available.,0.0,Faith Community — Christian
175 Islington Ave,175 Islington Ave,43.60244,-79.505677,Call ahead to confirm,4162514811,False,False,False,False,False,,Call ahead to confirm services are available.,0.0,Faith Community — Christian
Century United Church,118 Ninth St,43.599381,-79.507769,Call ahead to confirm,,False,False,False,False,False,,Call ahead to confirm services are available.,0.0,Faith Community — Christian
1 Tippett Rd,1 Tippett Rd,43.731939,-79.445402,Call ahead to confirm,,False,False,False,False,False,,Call ahead to confirm services are available.,0.0,Faith Community — Christian
124 Fifth St,124 Fifth St,43.600602,-79.503068,Call ahead to confirm,,False,False,False,False,False,,Call ahead to confirm services are available.,0.0,Faith Community — Christian
68 Tenth St,68 Tenth St,43.597864,-79.50807,Call ahead to confirm,,False,False,False,False,False,,Call ahead to confirm services are available.,0.0,Faith Community — Christian
St Theresas Church,100 Tenth St,43.598853,-79.508613,Call ahead to confirm,,False,False,False,False,False,,Call ahead to confirm services are available.,0.0,Faith Community — Christian
Centre Island Park,1 Centre Island Pk,43.615215,-79.377275,Call ahead to confirm,4166914141,False,False,False,False,False,,Call ahead to confirm services are available.,0.0,Faith Community — Christian
St Margarets Of Scotland Church,222 Ridley Blvd,43.738549,-79.421497,Call ahead to confirm,4164857781,False,False,False,False,False,,Call ahead to confirm services are available.,0.0,Faith Community — Christian
8 King St E,8 King St E,43.649409,-79.377611,Call ahead to confirm,4168636632,False,False,False,False,False,,Call ahead to confirm services are available.,0.0,Faith Community — Christian
St James Cathedral,106 King St E,43.65032,-79.373757,Call ahead to confirm,4163647865,False,False,False,False,False,,Call ahead to confirm services are available.,0.0,Faith Community — Christian
Little Trinity Church,417 King St E,43.652763,-79.362612,Call ahead to confirm,4163670272,False,False,False,False,False,,Call ahead to confirm services are available.,0.0,Faith Community — Christian
Grace Toronto Church,95 Trinity St,43.652883,-79.360791,Call ahead to confirm,,False,False,False,False,False,,Call ahead to confirm services are available.,0.0,Faith Community — Christian
St. Pauls United Church,200 McIntosh St,43.709891,-79.251126,Call ahead to confirm,4162614222,False,False,False,False,False,,Call ahead to confirm services are available.,0.0,Faith Community — Christian
St Theresa Shrine,2559 Kingston Rd,43.711352,-79.24751,Call ahead to confirm,,False,False,False,False,False,,Call ahead to confirm services are available.,0.0,Faith Community — Christian
Highway Gospel Church,530 Midland Ave,43.717372,-79.251202,Call ahead to confirm,4162671189,False,False,False,False,False,,Call ahead to confirm services are available.,0.0,Faith Community — Christian
New Apostolic Church,661 Danforth Rd,43.716257,-79.259773,Call ahead to confirm,,False,False,False,False,False,,Call ahead to confirm services are available.,0.0,Faith Community — Christian
417 Kennedy Rd,417 Kennedy Rd,43.716056,-79.260889,Call ahead to confirm,,False,False,False,False,False,,Call ahead to confirm services are available.,0.0,Faith Community — Christian
615 Danforth Rd,615 Danforth Rd,43.714121,-79.260909,Call ahead to confirm,,False,False,False,False,False,,Call ahead to confirm services are available.,0.0,Faith Community — Christian
St. Crispin's Church,77 Craiglee Dr,43.706054,-79.254354,Call ahead to confirm,4162677932,False,False,False,False,False,,Call ahead to confirm services are available.,0.0,Faith Community — Christian
Pentecostal Holiness Church,44 Craiglee Dr,43.706016,-79.25692,Call ahead to confirm,,False,False,False,False,False,,Call ahead to confirm services are available.,0.0,Faith Community — Christian
447 Birchmount Rd,447 Birchmount Rd,43.704826,-79.266895,Call ahead to confirm,4166861433,False,False,False,False,False,,Call ahead to confirm services are available.,0.0,Faith Community — Christian
Scarborough Unit Jehovahs,459 Birchmount Rd,43.705384,-79.267001,Call ahead to confirm,,False,False,False,False,False,,Call ahead to confirm services are available.,0.0,Faith Community — Christian
541 Danforth Rd,541 Danforth Rd,43.7096,-79.265213,Call ahead to confirm,4162610384,False,False,False,False,False,,Call ahead to confirm services are available.,0.0,Faith Community — Christian
1529 O'Connor Dr,1529 O'Connor Dr,43.714334,-79.305602,Call ahead to confirm,,False,False,False,False,False,,Call ahead to confirm services are available.,0.0,Faith Community — Christian
Kingdom Hall Of Jehovah Witness,64 Tiago Ave,43.712095,-79.30346,Call ahead to confirm,4167558404,False,False,False,False,False,,Call ahead to confirm services are available.,0.0,Faith Community — Christian
Springdale Church,30 Merritt Rd,43.708574,-79.304104,Call ahead to confirm,4167593958,False,False,False,False,False,,Call ahead to confirm services are available.,0.0,Faith Community — Christian
817 O'Connor Dr,817 O'Connor Dr,43.706237,-79.311913,Call ahead to confirm,4167508634,False,False,False,False,False,,Call ahead to confirm services are available.,0.0,Faith Community — Christian
2817 St Clair Ave E,2817 St Clair Ave E,43.706922,-79.305009,Call ahead to confirm,4167513220,False,False,False,False,False,,Call ahead to confirm services are available.,0.0,Faith Community — Christian
Faith Gospel Chapel,1266 Victoria Park Ave,43.712021,-79.297667,Call ahead to confirm,,False,False,False,False,False,,Call ahead to confirm services are available.,0.0,Faith Community — Christian
St Clair Missionary Church,3113 St Clair Ave E,43.70903,-79.293565,Call ahead to confirm,4167550530,False,False,False,False,False,,Call ahead to confirm services are available.,0.0,Faith Community — Christian
St Bedes Church,79 Westbourne Ave,43.704447,-79.290459,Call ahead to confirm,4167595556,False,False,False,False,False,,Call ahead to confirm services are available.,0.0,Faith Community — Christian
2472 Danforth Ave,2472 Danforth Ave,43.687962,-79.304011,Call ahead to confirm,4166904627,False,False,False,False,False,,Call ahead to confirm services are available.,0.0,Faith Community — Christian
St Dunstans R C Church,3152 Danforth Ave,43.692231,-79.285333,Call ahead to confirm,,False,False,False,False,False,,Call ahead to confirm services are available.,0.0,Faith Community — Christian
St Nicholas Anglican Church,1512 Kingston Rd,43.689566,-79.269176,Call ahead to confirm,4166910449,False,False,False,False,False,,Call ahead to confirm services are available.,0.0,Faith Community — Christian
3329 Danforth Ave,3329 Danforth Ave,43.692537,-79.281419,Call ahead to confirm,4166997077,False,False,False,False,False,,Call ahead to confirm services are available.,0.0,Faith Community — Christian
131 Birchmount Rd,131 Birchmount Rd,43.696399,-79.263377,Call ahead to confirm,,False,False,False,False,False,,Call ahead to confirm services are available.,0.0,Faith Community — Christian
St Mar Barsaumo,72 Birchmount Rd,43.694266,-79.263169,Call ahead to confirm,4166944500,False,False,False,False,False,,Call ahead to confirm services are available.,0.0,Faith Community — Christian
Scarborough Baptist Church,1597 Kingston Rd,43.690258,-79.266266,Call ahead to confirm,4166981973,False,False,False,False,False,,Call ahead to confirm services are available.,0.0,Faith Community — Christian
Toronto United Mennonite Church,1774 Queen St E,43.667925,-79.310682,Call ahead to confirm,4166994527,False,False,False,False,False,,Call ahead to confirm services are available.,0.0,Faith Community — Christian
Kew Beach United Church,140 Wineva Ave,43.67149,-79.296333,Call ahead to confirm,,False,False,False,False,False,,Call ahead to confirm services are available.,0.0,Faith Community — Christian
Rector & Church Warden,86 Silver Birch Ave,43.672495,-79.285268,Call ahead to confirm,4166912222,False,False,False,False,False,,Call ahead to confirm services are available.,0.0,Faith Community — Christian
St Saviors Anglican Church,43 Kimberley Ave,43.682811,-79.297705,Call ahead to confirm,,False,False,False,False,False,,Call ahead to confirm services are available.,0.0,Faith Community — Christian
St Johns Roman Catholic,794 Kingston Rd,43.680229,-79.293414,Call ahead to confirm,,False,False,False,False,False,,Call ahead to confirm services are available.,0.0,Faith Community — Christian
Kingston Road United Church,975 Kingston Rd,43.680213,-79.286566,Call ahead to confirm,4166906091,False,False,False,False,False,,Call ahead to confirm services are available.,0.0,Faith Community — Christian
Kingdom Hall Of Jehovahs Witness,416 Victoria Park Ave,43.681798,-79.284807,Call ahead to confirm,,False,False,False,False,False,,Call ahead to confirm services are available.,0.0,Faith Community — Christian
Grant African Methodist Church,2029 Gerrard St E,43.681681,-79.308434,Call ahead to confirm,,False,False,False,False,False,,Call ahead to confirm services are available.,0.0,Faith Community — Christian
2140 Danforth Ave,2140 Danforth Ave,43.686342,-79.311442,Call ahead to confirm,4164291574,False,False,False,False,False,,Call ahead to confirm services are available.,0.0,Faith Community — Christian
101 Cedarvale Ave,101 Cedarvale Ave,43.686833,-79.310966,Call ahead to confirm,4164677416,False,False,False,False,False,,Call ahead to confirm services are available.,0.0,Faith Community — Christian
Kimbourne Park United Church,200 Wolverleigh Blvd,43.685683,-79.322513,Call ahead to confirm,4164617200,False,False,False,False,False,,Call ahead to confirm services are available.,0.0,Faith Community — Christian
1708 Danforth Ave,1708 Danforth Ave,43.68432,-79.320499,Call ahead to confirm,,False,False,False,False,False,,Call ahead to confirm services are available.,0.0,Faith Community — Christian
Holy Trinity,201 Monarch Park Ave,43.685425,-79.327884,Call ahead to confirm,,False,False,False,False,False,,Call ahead to confirm services are available.,0.0,Faith Community — Christian
Greenwood Gospal Chapel,949 Greenwood Ave,43.686148,-79.334031,Call ahead to confirm,4164658347,False,False,False,False,False,,Call ahead to confirm services are available.,0.0,Faith Community — Christian
First United Pentecostal,719 Greenwood Ave,43.683512,-79.332925,Call ahead to confirm,,False,False,False,False,False,,Call ahead to confirm services are available.,0.0,Faith Community — Christian
Jehovahs Witness Hall,172 Donlands Ave,43.685989,-79.339915,Call ahead to confirm,4164655011,False,False,False,False,False,,Call ahead to confirm services are available.,0.0,Faith Community — Christian
Pape Ave Gospel Hall,871 Pape Ave,43.683516,-79.346325,Call ahead to confirm,,False,False,False,False,False,,Call ahead to confirm services are available.,0.0,Faith Community — Christian
St. Irene Greek Orthodox Church,66 Gough Ave,43.679158,-79.346688,Call ahead to confirm,,False,False,False,False,False,,Call ahead to confirm services are available.,0.0,Faith Community — Christian
606 Danforth Ave,606 Danforth Ave,43.679082,-79.345945,Call ahead to confirm,,False,False,False,False,False,,Call ahead to confirm services are available.,0.0,Faith Community — Christian
Temple Baptist Church,14 Dewhurst Blvd,43.680553,-79.339981,Call ahead to confirm,,False,False,False,False,False,,Call ahead to confirm services are available.,0.0,Faith Community — Christian
New Apostolic Church,152 Hazelwood Ave,43.6791,-79.340326,Call ahead to confirm,,False,False,False,False,False,,Call ahead to confirm services are available.,0.0,Faith Community — Christian
Metamorphosis Church,42 Donlands Ave,43.681562,-79.33818,Call ahead to confirm,,False,False,False,False,False,,Call ahead to confirm services are available.,0.0,Faith Community — Christian
St Davids Anglican Church,49 Donlands Ave,43.680995,-79.337034,Call ahead to confirm,4164654940,False,False,False,False,False,,Call ahead to confirm services are available.,0.0,Faith Community — Christian
Old Calendar Greek,281 Jones Ave,43.670359,-79.335759,Call ahead to confirm,,False,False,False,False,False,,Call ahead to confirm services are available.,0.0,Faith Community — Christian
Glen Rhodes United Church,1470 Gerrard St E,43.672777,-79.320744,Call ahead to confirm,4164653755,False,False,False,False,False,,Call ahead to confirm services are available.,0.0,Faith Community — Christian
Neighbourhood Unitarian Congregation,83 Hiawatha Rd,43.670959,-79.322005,Call ahead to confirm,,False,False,False,False,False,,Call ahead to confirm services are available.,0.0,Faith Community — Christian
Highfield Road Gospel Hall,1753 Dundas St E,43.667487,-79.323133,Call ahead to confirm,,False,False,False,False,False,,Call ahead to confirm services are available.,0.0,Faith Community — Christian
St Josephs Church,162 Leslie St,43.664931,-79.331572,Call ahead to confirm,4164667815,False,False,False,False,False,,Call ahead to confirm services are available.,0.0,Faith Community — Christian
Queen St Presbyterian Church,945 Queen St E,43.660837,-79.339614,Call ahead to confirm,4164651143,False,False,False,False,False,,Call ahead to confirm services are available.,0.0,Faith Community — Christian
St Matthews Anglican Church,135 First Ave,43.66541,-79.347174,Call ahead to confirm,,False,False,False,False,False,,Call ahead to confirm services are available.,0.0,Faith Community — Christian
388 Carlaw Ave,388 Carlaw Ave,43.665729,-79.342278,Call ahead to confirm,,False,False,False,False,False,,Call ahead to confirm services are available.,0.0,Faith Community — Christian
175 Jones Ave,175 Jones Ave,43.667375,-79.334405,Call ahead to confirm,4164636322,False,False,False,False,False,,Call ahead to confirm services are available.,0.0,Faith Community — Christian
Kingdom Hall,1005 Gerrard St E,43.668503,-79.337896,Call ahead to confirm,,False,False,False,False,False,,Call ahead to confirm services are available.,0.0,Faith Community — Christian
Metropolitan Community Church,115 Simpson Ave,43.666921,-79.347863,Call ahead to confirm,4164066228,False,False,False,False,False,,Call ahead to confirm services are available.,0.0,Faith Community — Christian
St Johns Presbyterian Church,415 Broadview Ave,43.666513,-79.352652,Call ahead to confirm,,False,False,False,False,False,,Call ahead to confirm services are available.,0.0,Faith Community — Christian
St Anns Parish,711 Gerrard St E,43.665885,-79.348095,Call ahead to confirm,4164662127,False,False,False,False,False,,Call ahead to confirm services are available.,0.0,Faith Community — Christian
155 Broadview Ave,155 Broadview Ave,43.660493,-79.350267,Call ahead to confirm,,False,False,False,False,False,,Call ahead to confirm services are available.,0.0,Faith Community — Christian
194 Broadview Ave,194 Broadview Ave,43.661255,-79.351153,Call ahead to confirm,,False,False,False,False,False,,Call ahead to confirm services are available.,0.0,Faith Community — Christian
Riverside Church,456 King St E,43.655346,-79.35928,Call ahead to confirm,,False,False,False,False,False,,Call ahead to confirm services are available.,0.0,Faith Community — Christian
St Pauls Church,93 Power St,43.655646,-79.362651,Call ahead to confirm,4163647588,False,False,False,False,False,,Call ahead to confirm services are available.,0.0,Faith Community — Christian
17 Regent St,17 Regent St,43.657866,-79.363402,Call ahead to confirm,,False,False,False,False,False,,Call ahead to confirm services are available.,0.0,Faith Community — Christian
St Bartholomews Church,509 Dundas St E,43.659713,-79.363901,Call ahead to confirm,,False,False,False,False,False,,Call ahead to confirm services are available.,0.0,Faith Community — Christian
77 River St,77 River St,43.659654,-79.357202,Call ahead to confirm,4163041974,False,False,False,False,False,,Call ahead to confirm services are available.,0.0,Faith Community — Christian
77 River St,77 River St,43.659654,-79.357202,Call ahead to confirm,,False,False,False,False,False,,Call ahead to confirm services are available.,0.0,Faith Community — Christian
Mother Of God Of Prousa,461 Richmond St E,43.653945,-79.365854,Call ahead to confirm,,False,False,False,False,False,,Call ahead to confirm services are available.,0.0,Faith Community — Christian
116 Bond St,116 Bond St,43.656974,-79.378936,Call ahead to confirm,,False,False,False,False,False,,Call ahead to confirm services are available.,0.0,Faith Community — Christian
Jarvis St  Baptist Church,335 Jarvis St,43.660335,-79.375488,Call ahead to confirm,4169253261,False,False,False,False,False,,Call ahead to confirm services are available.,0.0,Faith Community — Christian
337 Jarvis St,337 Jarvis St,43.660958,-79.375746,Call ahead to confirm,4169253261,False,False,False,False,False,,Call ahead to confirm services are available.,0.0,Faith Community — Christian
St Andrews Estonian,383 Jarvis St,43.662254,-79.376364,Call ahead to confirm,,False,False,False,False,False,,Call ahead to confirm services are available.,0.0,Faith Community — Christian
St Peters Anglican Church,188 Carlton St,43.663832,-79.371977,Call ahead to confirm,4169242664,False,False,False,False,False,,Call ahead to confirm services are available.,0.0,Faith Community — Christian
St Peters Anglican Church,188 Carlton St,43.663832,-79.371977,Call ahead to confirm,4169241891,False,False,False,False,False,,Call ahead to confirm services are available.,0.0,Faith Community — Christian
605 Parliament St,605 Parliament St,43.667975,-79.369223,Call ahead to confirm,4169631999,False,False,False,False,False,,Call ahead to confirm services are available.,0.0,Faith Community — Christian
St James The Less,625 Parliament St,43.668749,-79.36943,Call ahead to confirm,,False,False,False,False,False,,Call ahead to confirm services are available.,0.0,Faith Community — Christian
Rosedale Presbyterian Church,63 South Dr,43.675956,-79.380214,Call ahead to confirm,4169211931,False,False,False,False,False,,Call ahead to confirm services are available.,0.0,Faith Community — Christian
402 Danforth Ave,402 Danforth Ave,43.677837,-79.351597,Call ahead to confirm,,False,False,False,False,False,,Call ahead to confirm services are available.,0.0,Faith Community — Christian
359 Danforth Ave,359 Danforth Ave,43.677232,-79.352496,Call ahead to confirm,,False,False,False,False,False,,Call ahead to confirm services are available.,0.0,Faith Community — Christian
Iglesia Evangelica Hispana,804 Broadview Ave,43.677689,-79.35902,Call ahead to confirm,,False,False,False,False,False,,Call ahead to confirm services are available.,0.0,Faith Community — Christian
Seventh Day Adventist Church,170 Westwood Ave,43.686721,-79.349664,Call ahead to confirm,4166965784,False,False,False,False,False,,Call ahead to confirm services are available.,0.0,Faith Community — Christian
29 Edgar Ave,29 Edgar Ave,43.683583,-79.374805,Call ahead to confirm,4167449346,False,False,False,False,False,,Call ahead to confirm services are available.,0.0,Faith Community — Christian
Rosedale United Church,159 Roxborough Dr,43.684134,-79.372353,Call ahead to confirm,4169240725,False,False,False,False,False,,Call ahead to confirm services are available.,0.0,Faith Community — Christian
1399 Bayview Ave,1399 Bayview Ave,43.702028,-79.373057,Call ahead to confirm,4164850329,False,False,False,False,False,,Call ahead to confirm services are available.,0.0,Faith Community — Christian
Mother Of God Portaitissa,230 Glebemount Ave,43.692807,-79.32154,Call ahead to confirm,,False,False,False,False,False,,Call ahead to confirm services are available.,0.0,Faith Community — Christian
St Lukes Church,904 Coxwell Ave,43.694304,-79.328491,Call ahead to confirm,,False,False,False,False,False,,Call ahead to confirm services are available.,0.0,Faith Community — Christian
Macedonian Orthodox Church,76 Overlea Blvd,43.708541,-79.34111,Call ahead to confirm,4164217451,False,False,False,False,False,,Call ahead to confirm services are available.,0.0,Faith Community — Christian
86 Overlea Blvd,86 Overlea Blvd,43.708931,-79.339551,Call ahead to confirm,4164295737,False,False,False,False,False,,Call ahead to confirm services are available.,0.0,Faith Community — Christian
United Church,16 Presteign Ave,43.705071,-79.32003,Call ahead to confirm,,False,False,False,False,False,,Call ahead to confirm services are available.,0.0,Faith Community — Christian
Northlea United Church,125 Brentcliffe Rd,43.717379,-79.363059,Call ahead to confirm,4164255252,False,False,False,False,False,,Call ahead to confirm services are available.,0.0,Faith Community — Christian
Leaside United Church,822 Millwood Rd,43.705285,-79.368772,Call ahead to confirm,4164251253,False,False,False,False,False,,Call ahead to confirm services are available.,0.0,Faith Community — Christian
737 Millwood Rd,737 Millwood Rd,43.704412,-79.372886,Call ahead to confirm,4164851792,False,False,False,False,False,,Call ahead to confirm services are available.,0.0,Faith Community — Christian
Leaside Presbyterian Church,670 Eglinton Ave E,43.712343,-79.372668,Call ahead to confirm,,False,False,False,False,False,,Call ahead to confirm services are available.,0.0,Faith Community — Christian
1847 Bayview Ave,1847 Bayview Ave,43.714161,-79.377206,Call ahead to confirm,4164852656,False,False,False,False,False,,Call ahead to confirm services are available.,0.0,Faith Community — Christian
822 Eglinton Ave E,822 Eglinton Ave E,43.713494,-79.366229,Call ahead to confirm,4164223135,False,False,False,False,False,,Call ahead to confirm services are available.,0.0,Faith Community — Christian
1300 Leslie St,1300 Leslie St,43.731789,-79.355647,Call ahead to confirm,4164475571,False,False,False,False,False,,Call ahead to confirm services are available.,0.0,Faith Community — Christian
50 Gervais Dr,50 Gervais Dr,43.725324,-79.338312,Call ahead to confirm,,False,False,False,False,False,,Call ahead to confirm services are available.,0.0,Faith Community — Christian
60-74 Gervais Dr,60-74 Gervais Dr,43.725748,-79.337539,Call ahead to confirm,,False,False,False,False,False,,Call ahead to confirm services are available.,0.0,Faith Community — Christian
Presbyterian Church Of Canada,50 Wynford Dr,43.724535,-79.335035,Call ahead to confirm,4164411111,False,False,False,False,False,,Call ahead to confirm services are available.,0.0,Faith Community — Christian
Presbyterian Church,7 The Donway E,43.733239,-79.339558,Call ahead to confirm,,False,False,False,False,False,,Call ahead to confirm services are available.,0.0,Faith Community — Christian
141 Bond Ave,141 Bond Ave,43.745711,-79.347448,Call ahead to confirm,,False,False,False,False,False,,Call ahead to confirm services are available.,0.0,Faith Community — Christian
Grace Memorial Church,36 Broadlands Blvd,43.744895,-79.323214,Call ahead to confirm,,False,False,False,False,False,,Call ahead to confirm services are available.,0.0,Faith Community — Christian
Jubilee United Church,40 Underhill Dr,43.744121,-79.326661,Call ahead to confirm,4164476846,False,False,False,False,False,,Call ahead to confirm services are available.,0.0,Faith Community — Christian
99 Scarsdale Rd,99 Scarsdale Rd,43.751158,-79.35462,Call ahead to confirm,4164460088,False,False,False,False,False,,Call ahead to confirm services are available.,0.0,Faith Community — Christian
100 Northdale Rd,100 Northdale Rd,43.763897,-79.378954,Call ahead to confirm,,False,False,False,False,False,,Call ahead to confirm services are available.,0.0,Faith Community — Christian
North York Chinese Baptist Church,675 Sheppard Ave E,43.768154,-79.378772,Call ahead to confirm,4162233121,False,False,False,False,False,,Call ahead to confirm services are available.,0.0,Faith Community — Christian
Forest Grove United Church,43 Forest Grove Dr,43.779389,-79.379262,Call ahead to confirm,4162222781,False,False,False,False,False,,Call ahead to confirm services are available.,0.0,Faith Community — Christian
St. Matthew The Apostle Church,80 George Henry Blvd,43.773629,-79.351089,Call ahead to confirm,,False,False,False,False,False,,Call ahead to confirm services are available.,0.0,Faith Community — Christian
New Apostolic Church,11 Pleasant View Dr,43.782785,-79.340151,Call ahead to confirm,,False,False,False,False,False,,Call ahead to confirm services are available.,0.0,Faith Community — Christian
10 Farmcrest Dr,10 Farmcrest Dr,43.771737,-79.31954,Call ahead to confirm,4164911224,False,False,False,False,False,,Call ahead to confirm services are available.,0.0,Faith Community — Christian
83 Parkwoods Village Dr,83 Parkwoods Village Dr,43.761339,-79.323199,Call ahead to confirm,,False,False,False,False,False,,Call ahead to confirm services are available.,0.0,Faith Community — Christian
Parkway Bible Church,77 Ivordale Cres,43.756009,-79.312749,Call ahead to confirm,,False,False,False,False,False,,Call ahead to confirm services are available.,0.0,Faith Community — Christian
1385 Warden Ave,1385 Warden Ave,43.758074,-79.299293,Call ahead to confirm,4167599259,False,False,False,False,False,,Call ahead to confirm services are available.,0.0,Faith Community — Christian
1490 Birchmount Rd,1490 Birchmount Rd,43.755454,-79.288799,Call ahead to confirm,4162881770,False,False,False,False,False,,Call ahead to confirm services are available.,0.0,Faith Community — Christian
3526 Sheppard Ave E,3526 Sheppard Ave E,43.780521,-79.30242,Call ahead to confirm,4162937974,False,False,False,False,False,,Call ahead to confirm services are available.,0.0,Faith Community — Christian
2400 Midland Ave,2400 Midland Ave,43.781899,-79.277054,Call ahead to confirm,4164122020,False,False,False,False,False,,Call ahead to confirm services are available.,0.0,Faith Community — Christian
Knox Presbyterian Church,4156 Sheppard Ave E,43.785321,-79.281365,Call ahead to confirm,4162930791,False,False,False,False,False,,Call ahead to confirm services are available.,0.0,Faith Community — Christian
Glen Ayr United Church,55 Brimorton Dr,43.765762,-79.254635,Call ahead to confirm,4164389843,False,False,False,False,False,,Call ahead to confirm services are available.,0.0,Faith Community — Christian
1220 Ellesmere Rd,1220 Ellesmere Rd,43.769514,-79.268281,Call ahead to confirm,,False,False,False,False,False,,Call ahead to confirm services are available.,0.0,Faith Community — Christian
Max Glicksman Morris Click Building,15 Hove St,43.755962,-79.441229,Call ahead to confirm,4166336224,False,False,False,False,False,,Call ahead to confirm services are available.,0.0,Faith Community — Jewish
694 Sheppard Ave W,694 Sheppard Ave W,43.754726,-79.443819,Call ahead to confirm,4166334729,False,False,False,False,False,,Call ahead to confirm services are available.,0.0,Faith Community — Jewish
678A Sheppard Ave W,678A Sheppard Ave W,43.75486,-79.442796,Call ahead to confirm,4166319395,False,False,False,False,False,,Call ahead to confirm services are available.,0.0,Faith Community — Jewish
628A-648A Sheppard Ave W,628A-648A Sheppard Ave W,43.755297,-79.440726,Call ahead to confirm,(416) 630-8373,False,False,False,False,False,,Call ahead to confirm services are available.,0.0,Faith Community — Jewish
Trinity Presbyterian Church,2737 Bayview Ave,43.760976,-79.385857,Call ahead to confirm,,False,False,False,False,False,,Call ahead to confirm services are available.,0.0,Faith Community — Christian
Kehillat Shaarei Torah,2640 Bayview Ave,43.754407,-79.385843,Call ahead to confirm,4162292600,False,False,False,False,False,,Call ahead to confirm services are available.,0.0,Faith Community — Jewish
4211 Yonge St,4211 Yonge St,43.748119,-79.407126,Call ahead to confirm,,False,False,False,False,False,,Call ahead to confirm services are available.,0.0,Faith Community — Christian
The Toronto Evangelistic,4190 Yonge St,43.747267,-79.408497,Call ahead to confirm,4162212605,False,False,False,False,False,,Call ahead to confirm services are available.,0.0,Faith Community — Christian
Bedford Park United Church,100 Ranleigh Ave,43.728638,-79.400111,Call ahead to confirm,4164858046,False,False,False,False,False,,Call ahead to confirm services are available.,0.0,Faith Community — Christian
1708A Avenue Rd,1708A Avenue Rd,43.727998,-79.418239,Call ahead to confirm,4166319395,False,False,False,False,False,,Call ahead to confirm services are available.,0.0,Faith Community — Jewish
3425 Bathurst St,3425 Bathurst St,43.727235,-79.431309,Call ahead to confirm,,False,False,False,False,False,,Call ahead to confirm services are available.,0.0,Faith Community — Jewish
Synagogue,11 Sultana Ave,43.728369,-79.432627,Call ahead to confirm,,False,False,False,False,False,,Call ahead to confirm services are available.,0.0,Faith Community — Jewish
3101 Bathurst St,3101 Bathurst St,43.721118,-79.429839,Call ahead to confirm,,False,False,False,False,False,,Call ahead to confirm services are available.,0.0,Faith Community — Jewish
Shaarei Tefillah Congregation,3600 Bathurst St,43.731116,-79.433077,Call ahead to confirm,(416) 787-1631,False,False,False,False,False,,Call ahead to confirm services are available.,0.0,Faith Community — Jewish
Synagogue,3701 Bathurst St,43.734893,-79.433134,Call ahead to confirm,,False,False,False,False,False,,Call ahead to confirm services are available.,0.0,Faith Community — Jewish
Synagogue,3701 Bathurst St,43.734893,-79.433134,Call ahead to confirm,,False,False,False,False,False,,Call ahead to confirm services are available.,0.0,Faith Community — Jewish
129 McGillivray Ave,129 McGillivray Ave,43.735565,-79.43247,Call ahead to confirm,,False,False,False,False,False,,Call ahead to confirm services are available.,0.0,Faith Community — Jewish
Torah-V Avodah Congregation,296 Wilson Ave,43.737369,-79.43538,Call ahead to confirm,4166309266,False,False,False,False,False,,Call ahead to confirm services are available.,0.0,Faith Community — Jewish
First Korean Presbyterian Church,68 Collinson Blvd,43.740961,-79.440868,Call ahead to confirm,,False,False,False,False,False,,Call ahead to confirm services are available.,0.0,Faith Community — Christian
Clanton Park Synagogue,11 Lowesmoor Ave,43.745664,-79.444413,Call ahead to confirm,,False,False,False,False,False,,Call ahead to confirm services are available.,0.0,Faith Community — Jewish
44 Edinburgh Dr,44 Edinburgh Dr,43.742037,-79.434817,Call ahead to confirm,4163989532,False,False,False,False,False,,Call ahead to confirm services are available.,0.0,Faith Community — Other
3995 Bathurst St,3995 Bathurst St,43.744132,-79.435298,Call ahead to confirm,,False,False,False,False,False,,Call ahead to confirm services are available.,0.0,Faith Community — Jewish
3862 Bathurst St,3862 Bathurst St,43.740894,-79.435451,Call ahead to confirm,(416) 636-3071,False,False,False,False,False,,Call ahead to confirm services are available.,0.0,Faith Community — Jewish
Adath Israel Congregation,37 Southbourne Ave,43.738545,-79.431222,Call ahead to confirm,4166355340,False,False,False,False,False,,Call ahead to confirm services are available.,0.0,Faith Community — Jewish
Beth David Bnai Israel Synagogue,55 Yeomans Rd,43.749251,-79.43984,Call ahead to confirm,4166335500,False,False,False,False,False,,Call ahead to confirm services are available.,0.0,Faith Community — Jewish
Petah Tikva-Anshe Castilla,20 Danby Ave,43.749344,-79.438786,Call ahead to confirm,,False,False,False,False,False,,Call ahead to confirm services are available.,0.0,Faith Community — Jewish
4116-4122 Bathurst St,4116-4122 Bathurst St,43.746459,-79.436621,Call ahead to confirm,,False,False,False,False,False,,Call ahead to confirm services are available.,0.0,Faith Community — Jewish
Beth Radom Congregation,18 Reiner Rd,43.752322,-79.439024,Call ahead to confirm,4166363451,False,False,False,False,False,,Call ahead to confirm services are available.,0.0,Faith Community — Jewish
Magen David Sephardic Congregation,10 McAllister Rd,43.753597,-79.438247,Call ahead to confirm,4166360865,False,False,False,False,False,,Call ahead to confirm services are available.,0.0,Faith Community — Jewish
Tiferet Israel Congregation,756 Sheppard Ave W,43.754019,-79.447146,Call ahead to confirm,4166331874,False,False,False,False,False,,Call ahead to confirm services are available.,0.0,Faith Community — Jewish
Adath Sholom Synagogue,864 Sheppard Ave W,43.752688,-79.453321,Call ahead to confirm,4166350131,False,False,False,False,False,,Call ahead to confirm services are available.,0.0,Faith Community — Jewish
Congregation Melech Yisrael,272 Ranee Ave,43.723369,-79.449645,Call ahead to confirm,(416) 785-7612,False,False,False,False,False,,Call ahead to confirm services are available.,0.0,Faith Community — Jewish
Laymens Evangical Fellows,955 Wilson Ave,43.726051,-79.474734,Call ahead to confirm,4166367517,False,False,False,False,False,,Call ahead to confirm services are available.,0.0,Faith Community — Christian
684 Wilson Ave,684 Wilson Ave,43.731984,-79.462014,Call ahead to confirm,4166311937,False,False,False,False,False,,Call ahead to confirm services are available.,0.0,Faith Community — Christian
3390 Keele St,3390 Keele St,43.746941,-79.488469,Call ahead to confirm,,False,False,False,False,False,,Call ahead to confirm services are available.,0.0,Faith Community — Sikh
41-75 Four Winds Dr,41-75 Four Winds Dr,43.763319,-79.499664,Call ahead to confirm,,False,False,False,False,False,,Call ahead to confirm services are available.,0.0,Faith Community — Christian
1270 Finch Ave W,1270 Finch Ave W,43.765213,-79.48827,Call ahead to confirm,,False,False,False,False,False,,Call ahead to confirm services are available.,0.0,Faith Community — Hindu
26 Le Page Crt,26 Le Page Crt,43.758859,-79.486948,Call ahead to confirm,(416) 636-0044,False,False,False,False,False,,Call ahead to confirm services are available.,0.0,Faith Community — Muslim
Beth Emeth Bais Yehuda,100 Elder St,43.760649,-79.45412,Call ahead to confirm,4166333838,False,False,False,False,False,,Call ahead to confirm services are available.,0.0,Faith Community — Jewish
Beth Jacob Synagogue,147 Overbrook Pl,43.762434,-79.457868,Call ahead to confirm,4166385955,False,False,False,False,False,,Call ahead to confirm services are available.,0.0,Faith Community — Jewish
1111A Finch Ave W,1111A Finch Ave W,43.766613,-79.475265,Call ahead to confirm,4166657669,False,False,False,False,False,,Call ahead to confirm services are available.,0.0,Faith Community — Jewish
1118 Finch Ave W,1118 Finch Ave W,43.767317,-79.474774,Call ahead to confirm,,False,False,False,False,False,,Call ahead to confirm services are available.,0.0,Faith Community — Christian
2655-2697 Steeles Ave W,2655-2697 Steeles Ave W,43.782758,-79.488111,Call ahead to confirm,4166615849,False,False,False,False,False,,Call ahead to confirm services are available.,0.0,Faith Community — Jewish
190 Milvan Dr,190 Milvan Dr,43.759352,-79.566459,Call ahead to confirm,(416) 748-9977,False,False,False,False,False,,Call ahead to confirm services are available.,0.0,Faith Community — Hindu
175 Toryork Dr,175 Toryork Dr,43.759186,-79.557092,Call ahead to confirm,,False,False,False,False,False,,Call ahead to confirm services are available.,0.0,Faith Community — Muslim
175 Toryork Dr,175 Toryork Dr,43.759186,-79.557092,Call ahead to confirm,,False,False,False,False,False,,Call ahead to confirm services are available.,0.0,Faith Community — Muslim
136 Rivalda Rd,136 Rivalda Rd,43.744542,-79.536697,Call ahead to confirm,(416) 748-9442,False,False,False,False,False,,Call ahead to confirm services are available.,0.0,Faith Community — Sikh
102 Rivalda Rd,102 Rivalda Rd,43.741864,-79.536228,Call ahead to confirm,(416) 741-4335,False,False,False,False,False,,Call ahead to confirm services are available.,0.0,Faith Community — Hindu
102 Rivalda Rd,102 Rivalda Rd,43.741864,-79.536228,Call ahead to confirm,,False,False,False,False,False,,Call ahead to confirm services are available.,0.0,Faith Community — Hindu
86 Rivalda Rd,86 Rivalda Rd,43.740531,-79.535951,Call ahead to confirm,(416) 745-5606,False,False,False,False,False,,Call ahead to confirm services are available.,0.0,Faith Community — Muslim
38 Rivalda Rd,38 Rivalda Rd,43.737573,-79.53549,Call ahead to confirm,(416) 740-0062,False,False,False,False,False,,Call ahead to confirm services are available.,0.0,Faith Community — Hindu
595 Albion Rd,595 Albion Rd,43.730498,-79.55468,Call ahead to confirm,(416) 749-5538,False,False,False,False,False,,Call ahead to confirm services are available.,0.0,Faith Community — Hindu
1030 Albion Rd,1030 Albion Rd,43.736963,-79.563518,Call ahead to confirm,4166741168,False,False,False,False,False,,Call ahead to confirm services are available.,0.0,Faith Community — Christian
Church Of God Deliverance,2400 Finch Ave W,43.751472,-79.548673,Call ahead to confirm,(416) 744-9568,False,False,False,False,False,,Call ahead to confirm services are available.,0.0,Faith Community — Hindu
Church Of God Deliverance,2400 Finch Ave W,43.751472,-79.548673,Call ahead to confirm,(416) 744-9568,False,False,False,False,False,,Call ahead to confirm services are available.,0.0,Faith Community — Hindu
Church Of God Deliverance,2400 Finch Ave W,43.751472,-79.548673,Call ahead to confirm,(416) 741-5029,False,False,False,False,False,,Call ahead to confirm services are available.,0.0,Faith Community — Sikh
47 Baywood Rd,47 Baywood Rd,43.747237,-79.6057,Call ahead to confirm,4167462511,False,False,False,False,False,,Call ahead to confirm services are available.,0.0,Faith Community — Sikh
1770 Albion Rd,1770 Albion Rd,43.744158,-79.604002,Call ahead to confirm,(416) 744-3474,False,False,False,False,False,,Call ahead to confirm services are available.,0.0,Faith Community — Muslim
9 Carrier Dr,9 Carrier Dr,43.738532,-79.603735,Call ahead to confirm,,False,False,False,False,False,,Call ahead to confirm services are available.,0.0,Faith Community — Sikh
130 Westmore Dr,130 Westmore Dr,43.73596,-79.60225,Call ahead to confirm,(416) 674-0415,False,False,False,False,False,,Call ahead to confirm services are available.,0.0,Faith Community — Hindu
130 Westmore Dr,130 Westmore Dr,43.73596,-79.60225,Call ahead to confirm,(416) 745-3626,False,False,False,False,False,,Call ahead to confirm services are available.,0.0,Faith Community — Muslim
130 Westmore Dr,130 Westmore Dr,43.73596,-79.60225,Call ahead to confirm,,False,False,False,False,False,,Call ahead to confirm services are available.,0.0,Faith Community — Muslim
61 Claireville Dr,61 Claireville Dr,43.739283,-79.624999,Call ahead to confirm,(416) 798-2277,False,False,False,False,False,,Call ahead to confirm services are available.,0.0,Faith Community — Hindu
14 Steinway Blvd,14 Steinway Blvd,43.752297,-79.620993,Call ahead to confirm,4166781449,False,False,False,False,False,,Call ahead to confirm services are available.,0.0,Faith Community — Christian
12 Steinway Blvd,12 Steinway Blvd,43.752879,-79.619841,Call ahead to confirm,,False,False,False,False,False,,Call ahead to confirm services are available.,0.0,Faith Community — Hindu
2129 Albion Rd,2129 Albion Rd,43.74965,-79.638241,Call ahead to confirm,4167980479,False,False,False,False,False,,Call ahead to confirm services are available.,0.0,Faith Community — Hindu
Wishing Well Acres Baptist,3143 Sheppard Ave E,43.776496,-79.316009,Call ahead to confirm,4164910193,False,False,False,False,False,,Call ahead to confirm services are available.,0.0,Faith Community — Christian
137 Mc Caul St,137 Mc Caul St,43.65475,-79.391354,Call ahead to confirm,,False,False,False,False,False,,Call ahead to confirm services are available.,0.0,Faith Community — Christian
2691 Markham Rd,2691 Markham Rd,43.820112,-79.243069,Call ahead to confirm,4162971146,False,False,False,False,False,,Call ahead to confirm services are available.,0.0,Faith Community — Hindu
65 Rexdale Blvd,65 Rexdale Blvd,43.712692,-79.560003,Call ahead to confirm,(416) 745-4666,False,False,False,False,False,,Call ahead to confirm services are available.,0.0,Faith Community — Muslim
First Russian Congregation,25 Bellevue Ave,43.653767,-79.402881,Call ahead to confirm,(416) 593-9702,False,False,False,False,False,,Call ahead to confirm services are available.,0.0,Faith Community — Jewish
St Basil's Church,50 St Joseph St,43.666358,-79.388893,Call ahead to confirm,,False,False,False,False,False,,Call ahead to confirm services are available.,0.0,Faith Community — Christian
250 Rogers Rd,250 Rogers Rd,43.683449,-79.45578,Call ahead to confirm,4169366761,False,False,False,False,False,,Call ahead to confirm services are available.,0.0,Faith Community — Christian
St Demetrius Ukranian Orthodox,3338 Lake Shore Blvd W,43.596444,-79.52583,Call ahead to confirm,4162557506,False,False,False,False,False,,Call ahead to confirm services are available.,0.0,Faith Community — Orthodox
30 Waulron St,30 Waulron St,43.621373,-79.564129,Call ahead to confirm,,False,False,False,False,False,,Call ahead to confirm services are available.,0.0,Faith Community — Muslim
191 The West Mall,191 The West Mall,43.625892,-79.557879,Call ahead to confirm,4166222184,False,False,False,False,False,,Call ahead to confirm services are available.,0.0,Faith Community — Muslim
122 North Queen St,122 North Queen St,43.620819,-79.550063,Call ahead to confirm,(416) 236-9411,False,False,False,False,False,,Call ahead to confirm services are available.,0.0,Faith Community — Muslim
122 North Queen St,122 North Queen St,43.620819,-79.550063,Call ahead to confirm,4162335967,False,False,False,False,False,,Call ahead to confirm services are available.,0.0,Faith Community — Muslim
61 Chauncey Ave,61 Chauncey Ave,43.636501,-79.52705,Call ahead to confirm,,False,False,False,False,False,,Call ahead to confirm services are available.,0.0,Faith Community — Muslim
3250 Bloor St W,3250 Bloor St W,43.64552,-79.520959,Call ahead to confirm,4162315931,False,False,False,False,False,,Call ahead to confirm services are available.,0.0,Faith Community — Christian
The Church Of Christ The King,475 Rathburn Rd,43.652221,-79.574989,Call ahead to confirm,4166213630,False,False,False,False,False,,Call ahead to confirm services are available.,0.0,Faith Community — Christian
The Reorganized Church Of Je,84 Old Burnhamthorpe Rd,43.642236,-79.582015,Call ahead to confirm,,False,False,False,False,False,,Call ahead to confirm services are available.,0.0,Faith Community — Christian
Light Korean Presb.Church,312 Rexdale Blvd,43.714706,-79.584017,Call ahead to confirm,,False,False,False,False,False,,Call ahead to confirm services are available.,0.0,Faith Community — Christian
80 Brydon Dr,80 Brydon Dr,43.719872,-79.573947,Call ahead to confirm,4167428484,False,False,False,False,False,,Call ahead to confirm services are available.,0.0,Faith Community — Hindu
Swaminarayan Hindu Temple,246 Brockport Dr,43.703951,-79.593411,Call ahead to confirm,4167980940,False,False,False,False,False,,Call ahead to confirm services are available.,0.0,Faith Community — Hindu
268 Attwell Dr,268 Attwell Dr,43.695757,-79.590035,Call ahead to confirm,4166748463,False,False,False,False,False,,Call ahead to confirm services are available.,0.0,Faith Community — Christian
Transfiguration Of Our Lord,45 Ludstone Dr,43.691119,-79.564045,Call ahead to confirm,,False,False,False,False,False,,Call ahead to confirm services are available.,0.0,Faith Community — Christian
Westway United Church,8 Templar Dr,43.687669,-79.55491,Call ahead to confirm,4162497135,False,False,False,False,False,,Call ahead to confirm services are available.,0.0,Faith Community — Christian
1995 Kipling Ave,1995 Kipling Ave,43.710143,-79.565381,Call ahead to confirm,,False,False,False,False,False,,Call ahead to confirm services are available.,0.0,Faith Community — Sikh
16 Bethridge Rd,16 Bethridge Rd,43.70872,-79.568772,Call ahead to confirm,(416) 745-2888,False,False,False,False,False,,Call ahead to confirm services are available.,0.0,Faith Community — Muslim
2074 Kipling Ave,2074 Kipling Ave,43.714877,-79.569212,Call ahead to confirm,,False,False,False,False,False,,Call ahead to confirm services are available.,0.0,Faith Community — Muslim
Taric Islamic Centre,99 Beverly Hills Dr,43.718139,-79.516293,Call ahead to confirm,(416) 245-5675,False,False,False,False,False,,Call ahead to confirm services are available.,0.0,Faith Community — Muslim
1655 Wilson Ave,1655 Wilson Ave,43.719281,-79.513598,Call ahead to confirm,4162351333,False,False,False,False,False,,Call ahead to confirm services are available.,0.0,Faith Community — Christian
Unitarian Fellowship,55 St Phillips Rd,43.703258,-79.531427,Call ahead to confirm,(416) 249-8769,False,False,False,False,False,,Call ahead to confirm services are available.,0.0,Faith Community — Unitarian
Westway Christian Church,6 Kilburn Pl,43.685276,-79.553853,Call ahead to confirm,4162471922,False,False,False,False,False,,Call ahead to confirm services are available.,0.0,Faith Community — Christian
4146 Dundas St W,4146 Dundas St W,43.661689,-79.50832,Call ahead to confirm,(416) 233-5967,False,False,False,False,False,,Call ahead to confirm services are available.,0.0,Faith Community — Muslim
Toronto West Community Church,606 Jane St,43.664886,-79.491203,Call ahead to confirm,4162453523,False,False,False,False,False,,Call ahead to confirm services are available.,0.0,Faith Community — Christian
Vishwanth Mandir,713 Jane St,43.669927,-79.492771,Call ahead to confirm,(416) 604-3417,False,False,False,False,False,,Call ahead to confirm services are available.,0.0,Faith Community — Hindu
564 Annette St,564 Annette St,43.660053,-79.480878,Call ahead to confirm,,False,False,False,False,False,,Call ahead to confirm services are available.,0.0,Faith Community — Muslim
The Mount Refuge Church,515 Annette St,43.660017,-79.47951,Call ahead to confirm,,False,False,False,False,False,,Call ahead to confirm services are available.,0.0,Faith Community — Christian
Third Church Of Christ-Scien,70 High Park Ave,43.655985,-79.466959,Call ahead to confirm,,False,False,False,False,False,,Call ahead to confirm services are available.,0.0,Faith Community — Christian
Ukrainian Greek Orthodox,1622 Dupont St,43.665172,-79.455209,Call ahead to confirm,4167669069,False,False,False,False,False,,Call ahead to confirm services are available.,0.0,Faith Community — Orthodox
722 Lansdowne Ave,722 Lansdowne Ave,43.66404,-79.445696,Call ahead to confirm,,False,False,False,False,False,,Call ahead to confirm services are available.,0.0,Faith Community — Hindu
1871A Davenport Rd,1871A Davenport Rd,43.670354,-79.453684,Call ahead to confirm,,False,False,False,False,False,,Call ahead to confirm services are available.,0.0,Faith Community — Hindu
The Salvation Army,343 Keele St,43.664565,-79.463709,Call ahead to confirm,4167631021,False,False,False,False,False,,Call ahead to confirm services are available.,0.0,Faith Community — Christian
Victoria-Royce Presbyterian,152 Annette St,43.663626,-79.466853,Call ahead to confirm,4167696176,False,False,False,False,False,,Call ahead to confirm services are available.,0.0,Faith Community — Christian
151 Annette St,151 Annette St,43.663232,-79.466665,Call ahead to confirm,,False,False,False,False,False,,Call ahead to confirm services are available.,0.0,Faith Community — Christian
3001 Dundas St W,3001 Dundas St W,43.665302,-79.46939,Call ahead to confirm,,False,False,False,False,False,,Call ahead to confirm services are available.,0.0,Faith Community — Christian
West Toronto Baptist Church,3049 Dundas St W,43.665293,-79.471202,Call ahead to confirm,4167695237,False,False,False,False,False,,Call ahead to confirm services are available.,0.0,Faith Community — Christian
3200 Dundas St W,3200 Dundas St W,43.665797,-79.47661,Call ahead to confirm,4167675086,False,False,False,False,False,,Call ahead to confirm services are available.,0.0,Faith Community — Christian
56 Maria St,56 Maria St,43.666511,-79.475439,Call ahead to confirm,,False,False,False,False,False,,Call ahead to confirm services are available.,0.0,Faith Community — Jewish
Sri Guru Singh Sabha,331 Old Weston Rd,43.672944,-79.462556,Call ahead to confirm,(416) 656-5699,False,False,False,False,False,,Call ahead to confirm services are available.,0.0,Faith Community — Sikh
Zion Apostolic Church,65 Ford St,43.672423,-79.461637,Call ahead to confirm,4166562887,False,False,False,False,False,,Call ahead to confirm services are available.,0.0,Faith Community — Christian
247 Rosethorn Ave,247 Rosethorn Ave,43.683837,-79.464604,Call ahead to confirm,4166511321,False,False,False,False,False,,Call ahead to confirm services are available.,0.0,Faith Community — Orthodox
3741 Kingston Rd,3741 Kingston Rd,43.746059,-79.20883,Call ahead to confirm,4162678265,False,False,False,False,False,,Call ahead to confirm services are available.,0.0,Faith Community — Christian
325 Weston Rd,325 Weston Rd,43.678939,-79.473049,Call ahead to confirm,4167693181,False,False,False,False,False,,Call ahead to confirm services are available.,0.0,Faith Community — Christian
325 Weston Rd,325 Weston Rd,43.678939,-79.473049,Call ahead to confirm,4166042775,False,False,False,False,False,,Call ahead to confirm services are available.,0.0,Faith Community — Christian
325 Weston Rd,325 Weston Rd,43.678939,-79.473049,Call ahead to confirm,4167823212,False,False,False,False,False,,Call ahead to confirm services are available.,0.0,Faith Community — Christian
Elverston Trethewey United,280 Culford Rd,43.713172,-79.490856,Call ahead to confirm,4162499911,False,False,False,False,False,,Call ahead to confirm services are available.,0.0,Faith Community — Christian
1630 Lawrence Ave W,1630 Lawrence Ave W,43.706158,-79.491422,Call ahead to confirm,,False,False,False,False,False,,Call ahead to confirm services are available.,0.0,Faith Community — Christian
47 Milford Ave,47 Milford Ave,43.7046,-79.473758,Call ahead to confirm,,False,False,False,False,False,,Call ahead to confirm services are available.,0.0,Faith Community — Christian
United Methodist Pentecoscal,30 Milford Ave,43.705471,-79.474249,Call ahead to confirm,4163988951,False,False,False,False,False,,Call ahead to confirm services are available.,0.0,Faith Community — Christian
Beth Torah Synagogue,47 Glenbrook Ave,43.709323,-79.452021,Call ahead to confirm,(416) 782-4495,False,False,False,False,False,,Call ahead to confirm services are available.,0.0,Faith Community — Jewish
80 Tycos Dr,80 Tycos Dr,43.705364,-79.456508,Call ahead to confirm,(416) 781-7930,False,False,False,False,False,,Call ahead to confirm services are available.,0.0,Faith Community — Orthodox
2420 Dufferin St,2420 Dufferin St,43.697438,-79.451347,Call ahead to confirm,4167858700,False,False,False,False,False,,Call ahead to confirm services are available.,0.0,Faith Community — Other
Masjide Noor,277 Scott Rd,43.689699,-79.471922,Call ahead to confirm,(416) 658-6667,False,False,False,False,False,,Call ahead to confirm services are available.,0.0,Faith Community — Muslim
Masjide Noor,277 Scott Rd,43.689699,-79.471922,Call ahead to confirm,,False,False,False,False,False,,Call ahead to confirm services are available.,0.0,Faith Community — Muslim
2528 Eglinton Ave W,2528 Eglinton Ave W,43.691357,-79.470996,Call ahead to confirm,4166540131,False,False,False,False,False,,Call ahead to confirm services are available.,0.0,Faith Community — Christian
473 Oakwood Ave,473 Oakwood Ave,43.691054,-79.439841,Call ahead to confirm,4166528520,False,False,False,False,False,,Call ahead to confirm services are available.,0.0,Faith Community — Christian
611 Vaughan Rd,611 Vaughan Rd,43.692341,-79.439953,Call ahead to confirm,4166547181,False,False,False,False,False,,Call ahead to confirm services are available.,0.0,Faith Community — Jewish
The House Of God,615 Vaughan Rd,43.692435,-79.44009,Call ahead to confirm,4166526544,False,False,False,False,False,,Call ahead to confirm services are available.,0.0,Faith Community — Christian
Beth Tzedec Synagogue,1700 Bathurst St,43.695473,-79.424422,Call ahead to confirm,4167813511,False,False,False,False,False,,Call ahead to confirm services are available.,0.0,Faith Community — Jewish
Holy Blossom Temple,1950 Bathurst St,43.698277,-79.42526,Call ahead to confirm,(416) 789-3291,False,False,False,False,False,,Call ahead to confirm services are available.,0.0,Faith Community — Jewish
Shearis Israel Congregation,22 Gilgorm Rd,43.703949,-79.41768,Call ahead to confirm,4164892550,False,False,False,False,False,,Call ahead to confirm services are available.,0.0,Faith Community — Jewish
935 Eglinton Ave W,935 Eglinton Ave W,43.700168,-79.428198,Call ahead to confirm,(905) 858-7586,False,False,False,False,False,,Call ahead to confirm services are available.,0.0,Faith Community — Muslim
1072 Eglinton Ave W,1072 Eglinton Ave W,43.699987,-79.431435,Call ahead to confirm,4167851107,False,False,False,False,False,,Call ahead to confirm services are available.,0.0,Faith Community — Jewish
Beth Sholom Synagogue,1445 Eglinton Ave W,43.698087,-79.437711,Call ahead to confirm,4167836103,False,False,False,False,False,,Call ahead to confirm services are available.,0.0,Faith Community — Jewish
585 Glengrove Ave,585 Glengrove Ave,43.712364,-79.43569,Call ahead to confirm,(416) 782-8849,False,False,False,False,False,,Call ahead to confirm services are available.,0.0,Faith Community — Jewish
3055 Bathurst St,3055 Bathurst St,43.718843,-79.429282,Call ahead to confirm,(416) 787-6981,False,False,False,False,False,,Call ahead to confirm services are available.,0.0,Faith Community — Jewish
Synagogue,2941 Bathurst St,43.716347,-79.428765,Call ahead to confirm,(416) 256-4470,False,False,False,False,False,,Call ahead to confirm services are available.,0.0,Faith Community — Jewish
Synagogue,2941 Bathurst St,43.716347,-79.428765,Call ahead to confirm,4162564470,False,False,False,False,False,,Call ahead to confirm services are available.,0.0,Faith Community — Jewish
2939 Bathurst St,2939 Bathurst St,43.716236,-79.428749,Call ahead to confirm,(416) 785-5899,False,False,False,False,False,,Call ahead to confirm services are available.,0.0,Faith Community — Jewish
2919 Bathurst St,2919 Bathurst St,43.715498,-79.428525,Call ahead to confirm,(416) 831-8377,False,False,False,False,False,,Call ahead to confirm services are available.,0.0,Faith Community — Jewish
2919 Bathurst St,2919 Bathurst St,43.715498,-79.428525,Call ahead to confirm,,False,False,False,False,False,,Call ahead to confirm services are available.,0.0,Faith Community — Jewish
Beth Habonim Congregation,5 Glen Park Ave,43.712759,-79.429426,Call ahead to confirm,(416) 244-0036,False,False,False,False,False,,Call ahead to confirm services are available.,0.0,Faith Community — Jewish
Shaarei Shomayim Congregation,470 Glencairn Ave,43.7131,-79.427,Call ahead to confirm,4167893213,False,False,False,False,False,,Call ahead to confirm services are available.,0.0,Faith Community — Jewish
Shaarei Shomayim Congregation,470 Glencairn Ave,43.7131,-79.427,Call ahead to confirm,(416) 789-3213,False,False,False,False,False,,Call ahead to confirm services are available.,0.0,Faith Community — Jewish
84 Stormont Ave,84 Stormont Ave,43.718912,-79.428488,Call ahead to confirm,,False,False,False,False,False,,Call ahead to confirm services are available.,0.0,Faith Community — Jewish
517 Glengarry Ave,517 Glengarry Ave,43.720251,-79.42799,Call ahead to confirm,(416) 783-2494,False,False,False,False,False,,Call ahead to confirm services are available.,0.0,Faith Community — Jewish
2788 Bathurst St,2788 Bathurst St,43.711773,-79.428361,Call ahead to confirm,,False,False,False,False,False,,Call ahead to confirm services are available.,0.0,Faith Community — Jewish
Synagogue,1 Viewmount Ave,43.710124,-79.428301,Call ahead to confirm,,False,False,False,False,False,,Call ahead to confirm services are available.,0.0,Faith Community — Jewish
Unity Church Of Truth,173 Eglinton Ave W,43.705202,-79.404387,Call ahead to confirm,,False,False,False,False,False,,Call ahead to confirm services are available.,0.0,Faith Community — Christian
Canadian Unitarian Council,55 Eglinton Ave E,43.706907,-79.396078,Call ahead to confirm,,False,False,False,False,False,,Call ahead to confirm services are available.,0.0,Faith Community — Unitarian
Manor Road United Church,240 Manor Rd E,43.705227,-79.385482,Call ahead to confirm,4164830695,False,False,False,False,False,,Call ahead to confirm services are available.,0.0,Faith Community — Christian
728 Church St,728 Church St,43.67207,-79.38408,Call ahead to confirm,4169238381,False,False,False,False,False,,Call ahead to confirm services are available.,0.0,Faith Community — Christian
243 Avenue Rd,243 Avenue Rd,43.676992,-79.397085,Call ahead to confirm,4169225415,False,False,False,False,False,,Call ahead to confirm services are available.,0.0,Faith Community — Hindu
Church Of The Messiah,240 Avenue Rd,43.676934,-79.397922,Call ahead to confirm,4169224371,False,False,False,False,False,,Call ahead to confirm services are available.,0.0,Faith Community — Christian
Religious Society Of Friends,60 Lowther Ave,43.670537,-79.398764,Call ahead to confirm,4169218002,False,False,False,False,False,,Call ahead to confirm services are available.,0.0,Faith Community — Other
The Church Of Scientology,696 Yonge St,43.667753,-79.386103,Call ahead to confirm,4169252145,False,False,False,False,False,,Call ahead to confirm services are available.,0.0,Faith Community — Scientology
Deer Park United Church,129 St Clair Ave W,43.686456,-79.400191,Call ahead to confirm,4169623381,False,False,False,False,False,,Call ahead to confirm services are available.,0.0,Faith Community — Christian
First Unitarian Congregation,175 St Clair Ave W,43.686113,-79.402424,Call ahead to confirm,4169249654,False,False,False,False,False,,Call ahead to confirm services are available.,0.0,Faith Community — Unitarian
Timothy Eaton Memorial Church,230 St Clair Ave W,43.686316,-79.405718,Call ahead to confirm,4169255977,False,False,False,False,False,,Call ahead to confirm services are available.,0.0,Faith Community — Christian
1344 Bathurst St,1344 Bathurst St,43.679347,-79.41703,Call ahead to confirm,4165162005,False,False,False,False,False,,Call ahead to confirm services are available.,0.0,Faith Community — Jewish
1344 Bathurst St,1344 Bathurst St,43.679347,-79.41703,Call ahead to confirm,(416) 516-2005,False,False,False,False,False,,Call ahead to confirm services are available.,0.0,Faith Community — Jewish
Wychwood Davenport Presbyterian,155 Wychwood Ave,43.682498,-79.423038,Call ahead to confirm,,False,False,False,False,False,,Call ahead to confirm services are available.,0.0,Faith Community — Christian
United Church Of Canada,259 Rushton Rd,43.680993,-79.42727,Call ahead to confirm,,False,False,False,False,False,,Call ahead to confirm services are available.,0.0,Faith Community — Christian
695 St Clair Ave W,695 St Clair Ave W,43.681375,-79.426114,Call ahead to confirm,4166513267,False,False,False,False,False,,Call ahead to confirm services are available.,0.0,Faith Community — Christian
The Triumphant Church Of God,10 Maplewood Ave,43.686243,-79.422755,Call ahead to confirm,4166588280,False,False,False,False,False,,Call ahead to confirm services are available.,0.0,Faith Community — Christian
Toronto Korean Presbyterian,1183 Davenport Rd,43.674171,-79.433643,Call ahead to confirm,4165334596,False,False,False,False,False,,Call ahead to confirm services are available.,0.0,Faith Community — Christian
Christian Reformed Churches,1008 Bathurst St,43.670681,-79.41373,Call ahead to confirm,,False,False,False,False,False,,Call ahead to confirm services are available.,0.0,Faith Community — Christian
Orthodox Church In America,823 Manning Ave,43.668804,-79.417474,Call ahead to confirm,,False,False,False,False,False,,Call ahead to confirm services are available.,0.0,Faith Community — Orthodox
The Christadelphians Church,967 Ossington Ave,43.667749,-79.427771,Call ahead to confirm,,False,False,False,False,False,,Call ahead to confirm services are available.,0.0,Faith Community — Christian
983 Dupont St,983 Dupont St,43.669639,-79.432127,Call ahead to confirm,4165378484,False,False,False,False,False,,Call ahead to confirm services are available.,0.0,Faith Community — Hindu
1170 Dupont St,1170 Dupont St,43.668711,-79.439387,Call ahead to confirm,4165358359,False,False,False,False,False,,Call ahead to confirm services are available.,0.0,Faith Community — Christian
1279 Bloor St W,1279 Bloor St W,43.658313,-79.442274,Call ahead to confirm,,False,False,False,False,False,,Call ahead to confirm services are available.,0.0,Faith Community — Hindu
5637 Finch Ave E,5637 Finch Ave E,43.813323,-79.237992,Call ahead to confirm,(416) 412-1289,False,False,False,False,False,,Call ahead to confirm services are available.,0.0,Faith Community — Hindu
1168 Bloor St W,1168 Bloor St W,43.659793,-79.437069,Call ahead to confirm,(416) 536-8433,False,False,False,False,False,,Call ahead to confirm services are available.,0.0,Faith Community — Muslim
897 College St,897 College St,43.653675,-79.42472,Call ahead to confirm,,False,False,False,False,False,,Call ahead to confirm services are available.,0.0,Faith Community — Hindu
Serbian Eastern-Orthodox,212 Delaware Ave,43.661777,-79.428483,Call ahead to confirm,4165368565,False,False,False,False,False,,Call ahead to confirm services are available.,0.0,Faith Community — Orthodox
706 College St,706 College St,43.655529,-79.418247,Call ahead to confirm,,False,False,False,False,False,,Call ahead to confirm services are available.,0.0,Faith Community — Christian
506 College St,506 College St,43.656234,-79.410651,Call ahead to confirm,4169235285,False,False,False,False,False,,Call ahead to confirm services are available.,0.0,Faith Community — Christian
348 Palmerston Blvd,348 Palmerston Blvd,43.657798,-79.411194,Call ahead to confirm,(416) 964-3841,False,False,False,False,False,,Call ahead to confirm services are available.,0.0,Faith Community — Sikh
The First Russian Church,28 Denison Sq,43.653823,-79.402975,Call ahead to confirm,,False,False,False,False,False,,Call ahead to confirm services are available.,0.0,Faith Community — Christian
Minsk Anshe Congregation,10 St Andrew St,43.654464,-79.399526,Call ahead to confirm,,False,False,False,False,False,,Call ahead to confirm services are available.,0.0,Faith Community — Jewish
134 D'Arcy St,134 D'Arcy St,43.654344,-79.397468,Call ahead to confirm,4165955291,False,False,False,False,False,,Call ahead to confirm services are available.,0.0,Faith Community — Taoist
61 Brunswick Ave,61 Brunswick Ave,43.659415,-79.404613,Call ahead to confirm,,False,False,False,False,False,,Call ahead to confirm services are available.,0.0,Faith Community — Jewish
20 Brunswick Ave,20 Brunswick Ave,43.657889,-79.404612,Call ahead to confirm,,False,False,False,False,False,,Call ahead to confirm services are available.,0.0,Faith Community — Jewish
Shaarei Tzedec Congregation,397 Markham St,43.659485,-79.409951,Call ahead to confirm,,False,False,False,False,False,,Call ahead to confirm services are available.,0.0,Faith Community — Jewish
188 Brunswick Ave,188 Brunswick Ave,43.662757,-79.406568,Call ahead to confirm,(416) 927-0546,False,False,False,False,False,,Call ahead to confirm services are available.,0.0,Faith Community — Jewish
Bathurst United Church,427 Bloor St W,43.666039,-79.405708,Call ahead to confirm,4169224954,False,False,False,False,False,,Call ahead to confirm services are available.,0.0,Faith Community — Christian
830 Bathurst St,830 Bathurst St,43.665765,-79.411835,Call ahead to confirm,,False,False,False,False,False,,Call ahead to confirm services are available.,0.0,Faith Community — Christian
Walmer Road Baptist Church,38 Walmer Rd,43.668566,-79.406739,Call ahead to confirm,,False,False,False,False,False,,Call ahead to confirm services are available.,0.0,Faith Community — Christian
100 Mimico Ave,100 Mimico Ave,43.613018,-79.493934,Call ahead to confirm,,False,False,False,False,False,,Call ahead to confirm services are available.,0.0,Faith Community — Christian
175 College St,175 College St,43.658846,-79.393935,Call ahead to confirm,4163401956,False,False,False,False,False,,Call ahead to confirm services are available.,0.0,Faith Community — Other
7 D'Arcy St,7 D'Arcy St,43.655048,-79.392183,Call ahead to confirm,,False,False,False,False,False,,Call ahead to confirm services are available.,0.0,Faith Community — Taoist
78 Beverley St,78 Beverley St,43.652035,-79.393405,Call ahead to confirm,4165968382,False,False,False,False,False,,Call ahead to confirm services are available.,0.0,Faith Community — Christian
Baptist Ukranian Church,148 Tecumseth St,43.646127,-79.406636,Call ahead to confirm,4165322440,False,False,False,False,False,,Call ahead to confirm services are available.,0.0,Faith Community — Christian
1287 Queen St W,1287 Queen St W,43.641302,-79.432057,Call ahead to confirm,,False,False,False,False,False,,Call ahead to confirm services are available.,0.0,Faith Community — Muslim
Holy Family Church,1374 King St W,43.637834,-79.434517,Call ahead to confirm,4165322879,False,False,False,False,False,,Call ahead to confirm services are available.,0.0,Faith Community — Christian
1339 King St W,1339 King St W,43.637708,-79.432625,Call ahead to confirm,,False,False,False,False,False,,Call ahead to confirm services are available.,0.0,Faith Community — Jewish
1155 College St,1155 College St,43.651935,-79.434776,Call ahead to confirm,4165398946,False,False,False,False,False,,Call ahead to confirm services are available.,0.0,Faith Community — Christian
1653 Dundas St W,1653 Dundas St W,43.649725,-79.436536,Call ahead to confirm,4165378056,False,False,False,False,False,,Call ahead to confirm services are available.,0.0,Faith Community — Christian
62 Fern Ave,62 Fern Ave,43.645872,-79.442798,Call ahead to confirm,4165369229,False,False,False,False,False,,Call ahead to confirm services are available.,0.0,Faith Community — Hindu
The Canadian Islamic Trust,56 Boustead Ave,43.653309,-79.45447,Call ahead to confirm,(416) 769-1192,False,False,False,False,False,,Call ahead to confirm services are available.,0.0,Faith Community — Muslim
The Canadian Islamic Trust,56 Boustead Ave,43.653309,-79.45447,Call ahead to confirm,4167691192,False,False,False,False,False,,Call ahead to confirm services are available.,0.0,Faith Community — Muslim
Windermere United Church,356 Windermere Ave,43.648797,-79.480421,Call ahead to confirm,,False,False,False,False,False,,Call ahead to confirm services are available.,0.0,Faith Community — Christian
247 Park Lawn Rd,247 Park Lawn Rd,43.632758,-79.491612,Call ahead to confirm,,False,False,False,False,False,,Call ahead to confirm services are available.,0.0,Faith Community — Hindu
Jain Society Of Toronto,48 Rosemeade Ave,43.628591,-79.502739,Call ahead to confirm,4164412200,False,False,False,False,False,,Call ahead to confirm services are available.,0.0,Faith Community — Jain
9 Taymall Ave,9 Taymall Ave,43.623932,-79.506271,Call ahead to confirm,4169165433,False,False,False,False,False,,Call ahead to confirm services are available.,0.0,Faith Community — Christian
2485-2489 Lake Shore Blvd W,2485-2489 Lake Shore Blvd W,43.613166,-79.489299,Call ahead to confirm,,False,False,False,False,False,,Call ahead to confirm services are available.,0.0,Faith Community — Sikh
406-410 Royal York Rd,406-410 Royal York Rd,43.619717,-79.500173,Call ahead to confirm,,False,False,False,False,False,,Call ahead to confirm services are available.,0.0,Faith Community — Christian
Croatian Islamic Centre,75 Birmingham St,43.603472,-79.504272,Call ahead to confirm,4162558338,False,False,False,False,False,,Call ahead to confirm services are available.,0.0,Faith Community — Muslim
210 Islington Ave,210 Islington Ave,43.602802,-79.506539,Call ahead to confirm,,False,False,False,False,False,,Call ahead to confirm services are available.,0.0,Faith Community — Hindu
746 Warden Ave,746 Warden Ave,43.717505,-79.284815,Call ahead to confirm,(416) 615-0005,False,False,False,False,False,,Call ahead to confirm services are available.,0.0,Faith Community — Hindu
120 Bermondsey Rd,120 Bermondsey Rd,43.717713,-79.314609,Call ahead to confirm,(416) 750-8725,False,False,False,False,False,,Call ahead to confirm services are available.,0.0,Faith Community — Muslim
Westview Presyerian Church,233 Westview Blvd,43.713237,-79.305109,Call ahead to confirm,4167598531,False,False,False,False,False,,Call ahead to confirm services are available.,0.0,Faith Community — Christian
Victoria Park United Church,1 Stamford Sq N,43.711187,-79.295084,Call ahead to confirm,4167550772,False,False,False,False,False,,Call ahead to confirm services are available.,0.0,Faith Community — Christian
Trustees Of Woodbine Heights,1171 Woodbine Ave,43.691371,-79.314815,Call ahead to confirm,4164671462,False,False,False,False,False,,Call ahead to confirm services are available.,0.0,Faith Community — Christian
Church Of The Resurrection,1100 Woodbine Ave,43.689078,-79.314786,Call ahead to confirm,4164258383,False,False,False,False,False,,Call ahead to confirm services are available.,0.0,Faith Community — Christian
107 Cedarvale Ave,107 Cedarvale Ave,43.68717,-79.311152,Call ahead to confirm,,False,False,False,False,False,,Call ahead to confirm services are available.,0.0,Faith Community — Christian
Seicho-No-Ie Church,666 Victoria Park Ave,43.6918,-79.288762,Call ahead to confirm,,False,False,False,False,False,,Call ahead to confirm services are available.,0.0,Faith Community — Other
Church Triumphant,250 Warden Ave,43.690155,-79.27225,Call ahead to confirm,4166982323,False,False,False,False,False,,Call ahead to confirm services are available.,0.0,Faith Community — Christian
Wanstead United Church,3340 Danforth Ave,43.693974,-79.277792,Call ahead to confirm,,False,False,False,False,False,,Call ahead to confirm services are available.,0.0,Faith Community — Christian
3334 Danforth Ave,3334 Danforth Ave,43.69373,-79.278138,Call ahead to confirm,(416) 686-3037,False,False,False,False,False,,Call ahead to confirm services are available.,0.0,Faith Community — Muslim
3334 Danforth Ave,3334 Danforth Ave,43.69373,-79.278138,Call ahead to confirm,(416) 686-3037,False,False,False,False,False,,Call ahead to confirm services are available.,0.0,Faith Community — Muslim
347 Danforth Rd,347 Danforth Rd,43.703087,-79.269809,Call ahead to confirm,(416) 690-2298,False,False,False,False,False,,Call ahead to confirm services are available.,0.0,Faith Community — Muslim
Toronto United Mennonite Church,1774 Queen St E,43.667925,-79.310682,Call ahead to confirm,,False,False,False,False,False,,Call ahead to confirm services are available.,0.0,Faith Community — Christian
Waverly Road Baptist Church,129 Waverley Rd,43.671022,-79.301161,Call ahead to confirm,4166943054,False,False,False,False,False,,Call ahead to confirm services are available.,0.0,Faith Community — Christian
Toronto Chinese Logos Baptist,8 Amroth Ave,43.683565,-79.311016,Call ahead to confirm,4166908306,False,False,False,False,False,,Call ahead to confirm services are available.,0.0,Faith Community — Christian
2237 Danforth Ave,2237 Danforth Ave,43.686326,-79.308936,Call ahead to confirm,4166916223,False,False,False,False,False,,Call ahead to confirm services are available.,0.0,Faith Community — Christian
2170 Danforth Ave,2170 Danforth Ave,43.686528,-79.310542,Call ahead to confirm,(416) 421-0929,False,False,False,False,False,,Call ahead to confirm services are available.,0.0,Faith Community — Muslim
2007 Danforth Ave,2007 Danforth Ave,43.685106,-79.314377,Call ahead to confirm,4166900773,False,False,False,False,False,,Call ahead to confirm services are available.,0.0,Faith Community — Christian
The Cdn Korean Presbyterian,1849 Danforth Ave,43.68442,-79.317639,Call ahead to confirm,,False,False,False,False,False,,Call ahead to confirm services are available.,0.0,Faith Community — Christian
Sunnatul Jamaat Of Ontario,14 Ladysmith Ave,43.680938,-79.331345,Call ahead to confirm,(416) 406-6282,False,False,False,False,False,,Call ahead to confirm services are available.,0.0,Faith Community — Muslim
Sunnatul Jamaat Of Ontario,14 Ladysmith Ave,43.680938,-79.331345,Call ahead to confirm,,False,False,False,False,False,,Call ahead to confirm services are available.,0.0,Faith Community — Muslim
Sunnatul Jamaat Of Ontario,14 Ladysmith Ave,43.680938,-79.331345,Call ahead to confirm,,False,False,False,False,False,,Call ahead to confirm services are available.,0.0,Faith Community — Muslim
846A Pape Ave,846A Pape Ave,43.683725,-79.346976,Call ahead to confirm,4164614623,False,False,False,False,False,,Call ahead to confirm services are available.,0.0,Faith Community — Orthodox
Jamiatul Muslemin Of Toronto,1015 Danforth Ave,43.680409,-79.336071,Call ahead to confirm,(416) 465-7833,False,False,False,False,False,,Call ahead to confirm services are available.,0.0,Faith Community — Muslim
Jamiatul Muslemin Of Toronto,1015 Danforth Ave,43.680409,-79.336071,Call ahead to confirm,4164657833,False,False,False,False,False,,Call ahead to confirm services are available.,0.0,Faith Community — Muslim
Trustees Of Estonian Mission,562 Jones Ave,43.678475,-79.339817,Call ahead to confirm,,False,False,False,False,False,,Call ahead to confirm services are available.,0.0,Faith Community — Christian
Toronto Formosan Presbyterian Church,31 Eastwood Rd,43.672924,-79.318141,Call ahead to confirm,,False,False,False,False,False,,Call ahead to confirm services are available.,0.0,Faith Community — Christian
The Rhodes Ave Corps,236 Rhodes Ave,43.671552,-79.320281,Call ahead to confirm,4164664369,False,False,False,False,False,,Call ahead to confirm services are available.,0.0,Faith Community — Christian
182 Rhodes Ave,182 Rhodes Ave,43.670282,-79.319702,Call ahead to confirm,(416) 462-1401,False,False,False,False,False,,Call ahead to confirm services are available.,0.0,Faith Community — Muslim
182 Rhodes Ave,182 Rhodes Ave,43.670282,-79.319702,Call ahead to confirm,,False,False,False,False,False,,Call ahead to confirm services are available.,0.0,Faith Community — Muslim
Toronto Gospel Lighthouse Church,17 Rhodes Ave,43.666952,-79.31764,Call ahead to confirm,,False,False,False,False,False,,Call ahead to confirm services are available.,0.0,Faith Community — Christian
1014 Queen St E,1014 Queen St E,43.661554,-79.339043,Call ahead to confirm,,False,False,False,False,False,,Call ahead to confirm services are available.,0.0,Faith Community — Christian
Woodgreen United Church,875 Queen St E,43.660129,-79.343077,Call ahead to confirm,4164611105,False,False,False,False,False,,Call ahead to confirm services are available.,0.0,Faith Community — Christian
267-269 Pape Ave,267-269 Pape Ave,43.666398,-79.339368,Call ahead to confirm,,False,False,False,False,False,,Call ahead to confirm services are available.,0.0,Faith Community — Sikh
Riverdale United Church,1117 Gerrard St E,43.669453,-79.333484,Call ahead to confirm,4164665974,False,False,False,False,False,,Call ahead to confirm services are available.,0.0,Faith Community — Christian
336 Pape Ave,336 Pape Ave,43.667658,-79.340435,Call ahead to confirm,,False,False,False,False,False,,Call ahead to confirm services are available.,0.0,Faith Community — Muslim
Serbian Eastern Orthodox,203 River St,43.663931,-79.359128,Call ahead to confirm,,False,False,False,False,False,,Call ahead to confirm services are available.,0.0,Faith Community — Orthodox
Toronto Chinese Alliance,200 Boulton Ave,43.664937,-79.349276,Call ahead to confirm,4164612907,False,False,False,False,False,,Call ahead to confirm services are available.,0.0,Faith Community — Christian
40 Oak St,40 Oak St,43.661209,-79.365192,Call ahead to confirm,4163634234,False,False,False,False,False,,Call ahead to confirm services are available.,0.0,Faith Community — Christian
240 Parliament St,240 Parliament St,43.657475,-79.36561,Call ahead to confirm,(416) 861-9288,False,False,False,False,False,,Call ahead to confirm services are available.,0.0,Faith Community — Muslim
242 Parliament St,242 Parliament St,43.65753,-79.365631,Call ahead to confirm,4168619288,False,False,False,False,False,,Call ahead to confirm services are available.,0.0,Faith Community — Muslim
100 Bond St,100 Bond St,43.656521,-79.378721,Call ahead to confirm,(416) 596-6584,False,False,False,False,False,,Call ahead to confirm services are available.,0.0,Faith Community — Muslim
98 Bond St,98 Bond St,43.656512,-79.378632,Call ahead to confirm,,False,False,False,False,False,,Call ahead to confirm services are available.,0.0,Faith Community — Muslim
St Georges Greek Orthodox,115 Bond St,43.657316,-79.37848,Call ahead to confirm,,False,False,False,False,False,,Call ahead to confirm services are available.,0.0,Faith Community — Orthodox
St Lukes Congregation of the United Chur,355 Sherbourne St,43.663028,-79.372626,Call ahead to confirm,4169249619,False,False,False,False,False,,Call ahead to confirm services are available.,0.0,Faith Community — Christian
St Peters Anglican Church,188 Carlton St,43.663832,-79.371977,Call ahead to confirm,4169614781,False,False,False,False,False,,Call ahead to confirm services are available.,0.0,Faith Community — Christian
621 Sherbourne St,621 Sherbourne St,43.671845,-79.376374,Call ahead to confirm,,False,False,False,False,False,,Call ahead to confirm services are available.,0.0,Faith Community — Christian
Trinity Evangelical Lutheran,619 Sherbourne St,43.671789,-79.37614,Call ahead to confirm,4169219417,False,False,False,False,False,,Call ahead to confirm services are available.,0.0,Faith Community — Christian
Eastminister United Church,310 Danforth Ave,43.677551,-79.353726,Call ahead to confirm,,False,False,False,False,False,,Call ahead to confirm services are available.,0.0,Faith Community — Christian
The Ont Conference,19 Mortimer Ave,43.683963,-79.355443,Call ahead to confirm,,False,False,False,False,False,,Call ahead to confirm services are available.,0.0,Faith Community — Christian
2 Overlea Blvd,2 Overlea Blvd,43.702551,-79.353129,Call ahead to confirm,4164673178,False,False,False,False,False,,Call ahead to confirm services are available.,0.0,Faith Community — Christian
Trustees Of Westminster,152 Floyd Ave,43.68752,-79.349263,Call ahead to confirm,4164252214,False,False,False,False,False,,Call ahead to confirm services are available.,0.0,Faith Community — Christian
East Toronto Church of God,63 Barker Ave,43.692845,-79.321897,Call ahead to confirm,,False,False,False,False,False,,Call ahead to confirm services are available.,0.0,Faith Community — Muslim
80 Overlea Blvd,80 Overlea Blvd,43.708777,-79.340055,Call ahead to confirm,,False,False,False,False,False,,Call ahead to confirm services are available.,0.0,Faith Community — Muslim
86 Overlea Blvd,86 Overlea Blvd,43.708931,-79.339551,Call ahead to confirm,,False,False,False,False,False,,Call ahead to confirm services are available.,0.0,Faith Community — Christian
4 Thorncliffe Park Dr,4 Thorncliffe Park Dr,43.706172,-79.350915,Call ahead to confirm,(416) 467-0786,False,False,False,False,False,,Call ahead to confirm services are available.,0.0,Faith Community — Muslim
4 Thorncliffe Park Dr,4 Thorncliffe Park Dr,43.706172,-79.350915,Call ahead to confirm,,False,False,False,False,False,,Call ahead to confirm services are available.,0.0,Faith Community — Muslim
50 Gervais Dr,50 Gervais Dr,43.725324,-79.338312,Call ahead to confirm,,False,False,False,False,False,,Call ahead to confirm services are available.,0.0,Faith Community — Christian
132 Railside Rd,132 Railside Rd,43.736529,-79.326625,Call ahead to confirm,(416) 391-4432,False,False,False,False,False,,Call ahead to confirm services are available.,0.0,Faith Community — Muslim
10 Codeco Crt,10 Codeco Crt,43.736134,-79.329729,Call ahead to confirm,(416) 446-0935,False,False,False,False,False,,Call ahead to confirm services are available.,0.0,Faith Community — Muslim
United Church Canada,230 The Donway W,43.738856,-79.347382,Call ahead to confirm,,False,False,False,False,False,,Call ahead to confirm services are available.,0.0,Faith Community — Christian
30 Carnforth Rd,30 Carnforth Rd,43.73996,-79.316204,Call ahead to confirm,(416) 759-9648,False,False,False,False,False,,Call ahead to confirm services are available.,0.0,Faith Community — Hindu
1315 Lawrence Ave E,1315 Lawrence Ave E,43.740225,-79.322956,Call ahead to confirm,(416) 444-7020,False,False,False,False,False,,Call ahead to confirm services are available.,0.0,Faith Community — Jewish
Toronto Somang Korean Presbyterian Ch,81 Curlew Dr,43.742145,-79.316394,Call ahead to confirm,,False,False,False,False,False,,Call ahead to confirm services are available.,0.0,Faith Community — Christian
The Church Of Our Saviour,1 Laurentide Dr,43.751632,-79.337181,Call ahead to confirm,,False,False,False,False,False,,Call ahead to confirm services are available.,0.0,Faith Community — Christian
67 Scarsdale Rd,67 Scarsdale Rd,43.749054,-79.353673,Call ahead to confirm,4164475963,False,False,False,False,False,,Call ahead to confirm services are available.,0.0,Faith Community — Christian
139 Bond Ave,139 Bond Ave,43.745443,-79.348099,Call ahead to confirm,,False,False,False,False,False,,Call ahead to confirm services are available.,0.0,Faith Community — Christian
Temple Emanuel,120 Old Colony Rd,43.759928,-79.374198,Call ahead to confirm,,False,False,False,False,False,,Call ahead to confirm services are available.,0.0,Faith Community — Jewish
220 Duncan Mill Rd,220 Duncan Mill Rd,43.762258,-79.352804,Call ahead to confirm,,False,False,False,False,False,,Call ahead to confirm services are available.,0.0,Faith Community — Christian
220 Duncan Mill Rd,220 Duncan Mill Rd,43.762258,-79.352804,Call ahead to confirm,,False,False,False,False,False,,Call ahead to confirm services are available.,0.0,Faith Community — Christian
The Church Of The Torontonia,671 Sheppard Ave E,43.768429,-79.379255,Call ahead to confirm,4162217610,False,False,False,False,False,,Call ahead to confirm services are available.,0.0,Faith Community — Christian
225 Consumers Rd,225 Consumers Rd,43.771475,-79.332387,Call ahead to confirm,,False,False,False,False,False,,Call ahead to confirm services are available.,0.0,Faith Community — Christian
260 Yorkland Blvd,260 Yorkland Blvd,43.772493,-79.335397,Call ahead to confirm,4164909060,False,False,False,False,False,,Call ahead to confirm services are available.,0.0,Faith Community — Christian
Victoria Park Presbyterian,2712 Victoria Park Ave,43.784173,-79.327842,Call ahead to confirm,,False,False,False,False,False,,Call ahead to confirm services are available.,0.0,Faith Community — Christian
Trustees Of West Ellesmere,14 Scotswood Rd,43.758394,-79.307473,Call ahead to confirm,,False,False,False,False,False,,Call ahead to confirm services are available.,0.0,Faith Community — Christian
Toronto Free Presbyterian,1355 Warden Ave,43.755825,-79.298569,Call ahead to confirm,4167551948,False,False,False,False,False,,Call ahead to confirm services are available.,0.0,Faith Community — Christian
1780 Birchmount Rd,1780 Birchmount Rd,43.764909,-79.292056,Call ahead to confirm,,False,False,False,False,False,,Call ahead to confirm services are available.,0.0,Faith Community — Christian
1520-1548 Warden Ave,1520-1548 Warden Ave,43.763179,-79.301506,Call ahead to confirm,4164447884,False,False,False,False,False,,Call ahead to confirm services are available.,0.0,Faith Community — Christian
Warden Full Gospel Assembly,2210 Warden Ave,43.779892,-79.308966,Call ahead to confirm,4164942201,False,False,False,False,False,,Call ahead to confirm services are available.,0.0,Faith Community — Christian
Toronto Chinese Community Church,2240 Birchmount Rd,43.779964,-79.297784,Call ahead to confirm,4162993399,False,False,False,False,False,,Call ahead to confirm services are available.,0.0,Faith Community — Christian
13X Gordon Ave,13X Gordon Ave,43.782962,-79.286187,Call ahead to confirm,,False,False,False,False,False,,Call ahead to confirm services are available.,0.0,Faith Community — Christian
Kingdom Hall Of Jehovas,6 Donalda Cres,43.785881,-79.279648,Call ahead to confirm,,False,False,False,False,False,,Call ahead to confirm services are available.,0.0,Faith Community — Christian
Knox United Church,2569 Midland Ave,43.786062,-79.27848,Call ahead to confirm,4166262473,False,False,False,False,False,,Call ahead to confirm services are available.,0.0,Faith Community — Christian
1240 Ellesmere Rd,1240 Ellesmere Rd,43.769315,-79.267256,Call ahead to confirm,(416) 999-4272,False,False,False,False,False,,Call ahead to confirm services are available.,0.0,Faith Community — Hindu
1240 Ellesmere Rd,1240 Ellesmere Rd,43.769315,-79.267256,Call ahead to confirm,4163213100,False,False,False,False,False,,Call ahead to confirm services are available.,0.0,Faith Community — Hindu
1720 Midland Ave,1720 Midland Ave,43.760294,-79.269775,Call ahead to confirm,,False,False,False,False,False,,Call ahead to confirm services are available.,0.0,Faith Community — Hindu
2665 Lawrence Ave E,2665 Lawrence Ave E,43.751453,-79.262163,Call ahead to confirm,(416) 750-2253,False,False,False,False,False,,Call ahead to confirm services are available.,0.0,Faith Community — Muslim
2665 Lawrence Ave E,2665 Lawrence Ave E,43.751453,-79.262163,Call ahead to confirm,(416) 750-2253,False,False,False,False,False,,Call ahead to confirm services are available.,0.0,Faith Community — Muslim
Scarborough Full Gospel,2102 Lawrence Ave E,43.746698,-79.290462,Call ahead to confirm,4167570676,False,False,False,False,False,,Call ahead to confirm services are available.,0.0,Faith Community — Christian
Wexford Presbyterian Church,5 Elinor Ave,43.744587,-79.300428,Call ahead to confirm,4167595947,False,False,False,False,False,,Call ahead to confirm services are available.,0.0,Faith Community — Christian
963-967 Pharmacy Ave,963-967 Pharmacy Ave,43.734735,-79.300826,Call ahead to confirm,4167592091,False,False,False,False,False,,Call ahead to confirm services are available.,0.0,Faith Community — Christian
Wilmar Heights Baptist Church,1687 Victoria Park Ave,43.735019,-79.306373,Call ahead to confirm,4167575266,False,False,False,False,False,,Call ahead to confirm services are available.,0.0,Faith Community — Christian
733 Birchmount Rd,733 Birchmount Rd,43.724411,-79.274763,Call ahead to confirm,(416) 438-1882,False,False,False,False,False,,Call ahead to confirm services are available.,0.0,Faith Community — Hindu
733 Birchmount Rd,733 Birchmount Rd,43.724411,-79.274763,Call ahead to confirm,4164381882,False,False,False,False,False,,Call ahead to confirm services are available.,0.0,Faith Community — Hindu
841 Birchmount Rd,841 Birchmount Rd,43.729831,-79.277544,Call ahead to confirm,4167552007,False,False,False,False,False,,Call ahead to confirm services are available.,0.0,Faith Community — Christian
741 Kennedy Rd,741 Kennedy Rd,43.730888,-79.266003,Call ahead to confirm,(416) 264-3900,False,False,False,False,False,,Call ahead to confirm services are available.,0.0,Faith Community — Muslim
674 Kennedy Rd,674 Kennedy Rd,43.726386,-79.26588,Call ahead to confirm,(416) 264-6758,False,False,False,False,False,,Call ahead to confirm services are available.,0.0,Faith Community — Other
611-631 Kennedy Rd,611-631 Kennedy Rd,43.724889,-79.264491,Call ahead to confirm,,False,False,False,False,False,,Call ahead to confirm services are available.,0.0,Faith Community — Other
151 Brimley Rd,151 Brimley Rd,43.727768,-79.24388,Call ahead to confirm,4162656458,False,False,False,False,False,,Call ahead to confirm services are available.,0.0,Faith Community — Christian
256 Markham Rd,256 Markham Rd,43.745137,-79.22004,Call ahead to confirm,,False,False,False,False,False,,Call ahead to confirm services are available.,0.0,Faith Community — Muslim
3208 Eglinton Ave E,3208 Eglinton Ave E,43.743982,-79.217918,Call ahead to confirm,(416) 233-5967,False,False,False,False,False,,Call ahead to confirm services are available.,0.0,Faith Community — Muslim
750 Markham Rd,750 Markham Rd,43.765186,-79.22769,Call ahead to confirm,(416) 439-9483,False,False,False,False,False,,Call ahead to confirm services are available.,0.0,Faith Community — Hindu
1960 Ellesmere Rd,1960 Ellesmere Rd,43.776235,-79.239162,Call ahead to confirm,(416) 907-7434,False,False,False,False,False,,Call ahead to confirm services are available.,0.0,Faith Community — Hindu
2085 Ellesmere Rd,2085 Ellesmere Rd,43.775613,-79.232881,Call ahead to confirm,,False,False,False,False,False,,Call ahead to confirm services are available.,0.0,Faith Community — Christian
100 McLevin Ave,100 McLevin Ave,43.801554,-79.236575,Call ahead to confirm,(416) 754-8116,False,False,False,False,False,,Call ahead to confirm services are available.,0.0,Faith Community — Muslim
100 McLevin Ave,100 McLevin Ave,43.801554,-79.236575,Call ahead to confirm,(416) 754-8116,False,False,False,False,False,,Call ahead to confirm services are available.,0.0,Faith Community — Muslim
432 Nugget Ave,432 Nugget Ave,43.798759,-79.242014,Call ahead to confirm,(416) 569-7757,False,False,False,False,False,,Call ahead to confirm services are available.,0.0,Faith Community — Muslim
432 Nugget Ave,432 Nugget Ave,43.798759,-79.242014,Call ahead to confirm,(416) 823-1738,False,False,False,False,False,,Call ahead to confirm services are available.,0.0,Faith Community — Muslim
431 Nugget Ave,431 Nugget Ave,43.797757,-79.243053,Call ahead to confirm,(416) 321-0909,False,False,False,False,False,,Call ahead to confirm services are available.,0.0,Faith Community — Muslim
2721 Markham Rd,2721 Markham Rd,43.821081,-79.243623,Call ahead to confirm,(647) 444-4724,False,False,False,False,False,,Call ahead to confirm services are available.,0.0,Faith Community — Hindu
5633-5639 Finch Ave E,5633-5639 Finch Ave E,43.813414,-79.237979,Call ahead to confirm,,False,False,False,False,False,,Call ahead to confirm services are available.,0.0,Faith Community — Hindu
Whitefield Christian Academy,5810 Finch Ave E,43.816456,-79.22886,Call ahead to confirm,9056495779,False,False,False,False,False,,Call ahead to confirm services are available.,0.0,Faith Community — Christian
75 Kirkdene Dr,75 Kirkdene Dr,43.794568,-79.138507,Call ahead to confirm,,False,False,False,False,False,,Call ahead to confirm services are available.,0.0,Faith Community — Muslim
8861 Sheppard Ave E,8861 Sheppard Ave E,43.805505,-79.182555,Call ahead to confirm,(416) 754-0440,False,False,False,False,False,,Call ahead to confirm services are available.,0.0,Faith Community — Hindu
3011 Markham Rd,3011 Markham Rd,43.828641,-79.248513,Call ahead to confirm,(416) 754-7338,False,False,False,False,False,,Call ahead to confirm services are available.,0.0,Faith Community — Hindu
Shri Param Hans Advait Mat,260 Ingleton Blvd,43.8274,-79.266857,Call ahead to confirm,,False,False,False,False,False,,Call ahead to confirm services are available.,0.0,Faith Community — Hindu
Gursikh Sabha Canada,905 Middlefield Rd,43.828573,-79.265444,Call ahead to confirm,(416) 299-4800,False,False,False,False,False,,Call ahead to confirm services are available.,0.0,Faith Community — Sikh
York Region Chinese Church,80 Nashdene Rd,43.819412,-79.253106,Call ahead to confirm,,False,False,False,False,False,,Call ahead to confirm services are available.,0.0,Faith Community — Christian
635 Middlefield Rd,635 Middlefield Rd,43.815827,-79.259547,Call ahead to confirm,(416) 321-6104,False,False,False,False,False,,Call ahead to confirm services are available.,0.0,Faith Community — Hindu
635 Middlefield Rd,635 Middlefield Rd,43.815827,-79.259547,Call ahead to confirm,4163216104,False,False,False,False,False,,Call ahead to confirm services are available.,0.0,Faith Community — Hindu
55 Nugget Ave,55 Nugget Ave,43.792139,-79.257808,Call ahead to confirm,4162840134,False,False,False,False,False,,Call ahead to confirm services are available.,0.0,Faith Community — Christian
20 Nugget Ave,20 Nugget Ave,43.79286,-79.259164,Call ahead to confirm,(416) 293-9004,False,False,False,False,False,,Call ahead to confirm services are available.,0.0,Faith Community — Hindu
St Nicholas Greek Orthodox,3840 Finch Ave E,43.800615,-79.301342,Call ahead to confirm,(416) 291-4367,False,False,False,False,False,,Call ahead to confirm services are available.,0.0,Faith Community — Orthodox
3838 Midland Ave,3838 Midland Ave,43.819404,-79.294743,Call ahead to confirm,4162910200,False,False,False,False,False,,Call ahead to confirm services are available.,0.0,Faith Community — Christian
3988 Midland Ave,3988 Midland Ave,43.82094,-79.295435,Call ahead to confirm,4163210344,False,False,False,False,False,,Call ahead to confirm services are available.,0.0,Faith Community — Christian
St Mark's Coptic Orthodox Church,41 Glendinning Ave,43.811828,-79.332564,Call ahead to confirm,,False,False,False,False,False,,Call ahead to confirm services are available.,0.0,Faith Community — Orthodox
700-780 Gordon Baker Rd,700-780 Gordon Baker Rd,43.810207,-79.341964,Call ahead to confirm,4162931994,False,False,False,False,False,,Call ahead to confirm services are available.,0.0,Faith Community — Christian
1041 McNicoll Ave,1041 McNicoll Ave,43.804151,-79.334474,Call ahead to confirm,(416) 495-9021,False,False,False,False,False,,Call ahead to confirm services are available.,0.0,Faith Community — Muslim
Young Nak Korean Presbyterian Church,650 McNicoll Ave,43.804368,-79.33827,Call ahead to confirm,,False,False,False,False,False,,Call ahead to confirm services are available.,0.0,Faith Community — Christian
449-499 McNicoll Ave,449-499 McNicoll Ave,43.803348,-79.341087,Call ahead to confirm,,False,False,False,False,False,,Call ahead to confirm services are available.,0.0,Faith Community — Christian
3590 Bayview Ave,3590 Bayview Ave,43.8021,-79.396272,Call ahead to confirm,,False,False,False,False,False,,Call ahead to confirm services are available.,0.0,Faith Community — Zoroastrian
282-288 Cummer Ave,282-288 Cummer Ave,43.790294,-79.403646,Call ahead to confirm,,False,False,False,False,False,,Call ahead to confirm services are available.,0.0,Faith Community — Christian
3200 Bayview Ave,3200 Bayview Ave,43.785771,-79.392662,Call ahead to confirm,4162218900,False,False,False,False,False,,Call ahead to confirm services are available.,0.0,Faith Community — Christian
All Saints Greek Orthodox Church,3125 Bayview Ave,43.781607,-79.390627,Call ahead to confirm,4162214611,False,False,False,False,False,,Call ahead to confirm services are available.,0.0,Faith Community — Orthodox
Beth Tikvah Synagogue,3080 Bayview Ave,43.779214,-79.39117,Call ahead to confirm,4162213433,False,False,False,False,False,,Call ahead to confirm services are available.,0.0,Faith Community — Jewish
349 Kenneth Ave,349 Kenneth Ave,43.775788,-79.409822,Call ahead to confirm,4162252309,False,False,False,False,False,,Call ahead to confirm services are available.,0.0,Faith Community — Christian
482 Kenneth Ave,482 Kenneth Ave,43.77926,-79.412091,Call ahead to confirm,4162218335,False,False,False,False,False,,Call ahead to confirm services are available.,0.0,Faith Community — Christian
217 Finch Ave E,217 Finch Ave E,43.782966,-79.399961,Call ahead to confirm,,False,False,False,False,False,,Call ahead to confirm services are available.,0.0,Faith Community — Christian
Willowdale Evangelical Church,236 Finch Ave E,43.783991,-79.398691,Call ahead to confirm,4162233182,False,False,False,False,False,,Call ahead to confirm services are available.,0.0,Faith Community — Christian
Willowdale Christian Reform,70 Hilda Ave,43.787074,-79.425218,Call ahead to confirm,4162217829,False,False,False,False,False,,Call ahead to confirm services are available.,0.0,Faith Community — Christian
Agincourt,155 Bonis Ave,43.786126,-79.291554,Seasonal — summer heat alert periods,416-396-8943,False,True,False,False,False,,City-operated cooling centre. Open during heat alerts.,0.0,Cooling Centre
Agincourt RC,31 Glen Watford Dr,43.788047,-79.276244,Seasonal — summer heat alert periods,416-395-4037,False,True,False,False,False,,City-operated cooling centre. Open during heat alerts.,0.0,Cooling Centre
Albert Campbell,496 Birchmount Rd,43.708233,-79.268637,Seasonal — summer heat alert periods,416-396-8890,False,True,False,False,False,,City-operated cooling centre. Open during heat alerts.,0.0,Cooling Centre
Albion,1515 Albion Rd,43.739821,-79.583958,Seasonal — summer heat alert periods,416-394-5170,False,True,False,False,False,,City-operated cooling centre. Open during heat alerts.,0.0,Cooling Centre
Alderwood,2 Orianna Dr,43.601512,-79.546536,Seasonal — summer heat alert periods,416-394-5310,False,True,False,False,False,,City-operated cooling centre. Open during heat alerts.,0.0,Cooling Centre
Amesbury CC,1507 Lawrence Ave W,43.706965,-79.48234,Seasonal — summer heat alert periods,416-395-0145,False,True,False,False,False,,City-operated cooling centre. Open during heat alerts.,0.0,Cooling Centre
Amesbury Park,1565 Lawrence Ave W,43.706481,-79.485912,Seasonal — summer heat alert periods,416-395-5420,False,True,False,False,False,,City-operated cooling centre. Open during heat alerts.,0.0,Cooling Centre
Ancaster CC,41 Ancaster Rd,43.73248,-79.465865,Seasonal — summer heat alert periods,416-395-6057,False,True,False,False,False,,City-operated cooling centre. Open during heat alerts.,0.0,Cooling Centre
Annette CRC,333 Annette St,43.661391,-79.474422,Seasonal — summer heat alert periods,416-392-0736,False,True,False,False,False,,City-operated cooling centre. Open during heat alerts.,0.0,Cooling Centre
Antibes CC,140 Antibes Dr,43.781149,-79.446999,Seasonal — summer heat alert periods,416-395-0475,False,True,False,False,False,,City-operated cooling centre. Open during heat alerts.,0.0,Cooling Centre
Armour Heights,2140 Avenue Rd,43.739596,-79.421614,Seasonal — summer heat alert periods,416-395-5430,False,True,False,False,False,,City-operated cooling centre. Open during heat alerts.,0.0,Cooling Centre
Armour Heights CC,2140 Avenue Rd,43.739596,-79.421614,Seasonal — summer heat alert periods,416-395-7848,False,True,False,False,False,,City-operated cooling centre. Open during heat alerts.,0.0,Cooling Centre
Banbury CC,120 Banbury Rd,43.74353,-79.368533,Seasonal — summer heat alert periods,416-395-6101,False,True,False,False,False,,City-operated cooling centre. Open during heat alerts.,0.0,Cooling Centre
Barbara Frum CC,20 Covington Rd,43.720579,-79.432102,Seasonal — summer heat alert periods,416-395-6122,False,True,False,False,False,,City-operated cooling centre. Open during heat alerts.,0.0,Cooling Centre
Bayview (Bayview Village Shopping Centre),"2901 Bayview Ave, U-123",43.76887,-79.385625,Seasonal — summer heat alert periods,416-395-5460,False,True,False,False,False,,City-operated cooling centre. Open during heat alerts.,0.0,Cooling Centre
Beaches,2161 Queen St E,43.670433,-79.298142,Seasonal — summer heat alert periods,416-393-7703,False,True,False,False,False,,City-operated cooling centre. Open during heat alerts.,0.0,Cooling Centre
Beaches RC,6 Williamson Rd,43.673669,-79.299123,Seasonal — summer heat alert periods,416-392-0740,False,True,False,False,False,,City-operated cooling centre. Open during heat alerts.,0.0,Cooling Centre
Bedford Park CC,81 Ranleigh Ave,43.728084,-79.400253,Seasonal — summer heat alert periods,416-395-7848,False,True,False,False,False,,City-operated cooling centre. Open during heat alerts.,0.0,Cooling Centre
Bendale,1515 Danforth Rd,43.751269,-79.244401,Seasonal — summer heat alert periods,416-396-8910,False,True,False,False,False,,City-operated cooling centre. Open during heat alerts.,0.0,Cooling Centre
Birchmount CC,93 Birchmount Rd,43.694508,-79.262919,Seasonal — summer heat alert periods,416-396-4311,False,True,False,False,False,,City-operated cooling centre. Open during heat alerts.,0.0,Cooling Centre
Birkdale CC,1299 Ellesmere Rd,43.769277,-79.264968,Seasonal — summer heat alert periods,416-396-4069,False,True,False,False,False,,City-operated cooling centre. Open during heat alerts.,0.0,Cooling Centre
Black Creek (North York Sheridan Mall),1700 Wilson Av,43.721257,-79.511994,Seasonal — summer heat alert periods,416-395-5470,False,True,False,False,False,,City-operated cooling centre. Open during heat alerts.,0.0,Cooling Centre
Bloor/Gladstone,1101 Bloor St W,43.659897,-79.434097,Seasonal — summer heat alert periods,416-393-7674,False,True,False,False,False,,City-operated cooling centre. Open during heat alerts.,0.0,Cooling Centre
Bridlewood (Bridlewood Mall),2900 Warden Ave,43.798293,-79.318355,Seasonal — summer heat alert periods,416-396-8960,False,True,False,False,False,,City-operated cooling centre. Open during heat alerts.,0.0,Cooling Centre
Broadlands CC,19 Castlegrove Blvd,43.746084,-79.323049,Seasonal — summer heat alert periods,416-395-7966,False,True,False,False,False,,City-operated cooling centre. Open during heat alerts.,0.0,Cooling Centre
Brookbanks,210 Brookbanks Dr,43.760064,-79.324701,Seasonal — summer heat alert periods,416-395-5480,False,True,False,False,False,,City-operated cooling centre. Open during heat alerts.,0.0,Cooling Centre
Burrows Hall,1081 Progress Ave,43.793948,-79.234225,Seasonal — summer heat alert periods,416-396-8740,False,True,False,False,False,,City-operated cooling centre. Open during heat alerts.,0.0,Cooling Centre
Burrows Hall CC,1081 Progress Ave,43.793948,-79.234225,Seasonal — summer heat alert periods,416-396-4670,False,True,False,False,False,,City-operated cooling centre. Open during heat alerts.,0.0,Cooling Centre
Carmine Stefano CC,3100 Weston Rd,43.733802,-79.538269,Seasonal — summer heat alert periods,416-395-6127,False,True,False,False,False,,City-operated cooling centre. Open during heat alerts.,0.0,Cooling Centre
Cedarbrae,545 Markham Rd,43.757837,-79.224628,Seasonal — summer heat alert periods,416-396-8850,False,True,False,False,False,,City-operated cooling centre. Open during heat alerts.,0.0,Cooling Centre
Cedarbrook CC,91 Eastpark Blvd,43.75562,-79.227455,Seasonal — summer heat alert periods,416-396-4028,False,True,False,False,False,,City-operated cooling centre. Open during heat alerts.,0.0,Cooling Centre
Centennial,578 Finch Ave W,43.773027,-79.449601,Seasonal — summer heat alert periods,416-395-5490,False,True,False,False,False,,City-operated cooling centre. Open during heat alerts.,0.0,Cooling Centre
Centennial RC,1967 Ellesmere Rd,43.775498,-79.236204,Seasonal — summer heat alert periods,416-396-4057,False,True,False,False,False,,City-operated cooling centre. Open during heat alerts.,0.0,Cooling Centre
Centennial RC -  Etobicoke/York,2694 Eglinton Ave W,43.689924,-79.47845,Seasonal — summer heat alert periods,416-394-2476,False,True,False,False,False,,City-operated cooling centre. Open during heat alerts.,0.0,Cooling Centre
Chalkfarm CC,180 Chalkfarm Dr,43.724491,-79.51215,Seasonal — summer heat alert periods,416-395-7802,False,True,False,False,False,,City-operated cooling centre. Open during heat alerts.,0.0,Cooling Centre
City Hall (Nathan Phillips Square),100 Queen St W,43.653423,-79.384165,Seasonal — summer heat alert periods,416-393-7650,False,True,False,False,False,,City-operated cooling centre. Open during heat alerts.,0.0,Cooling Centre
Cliffcrest (Cliffcrest Plaza),3017 Kingston Rd,43.725971,-79.231322,Seasonal — summer heat alert periods,416-396-8916,False,True,False,False,False,,City-operated cooling centre. Open during heat alerts.,0.0,Cooling Centre
College/Shaw,766 College St,43.654929,-79.420209,Seasonal — summer heat alert periods,416-393-7668,False,True,False,False,False,,City-operated cooling centre. Open during heat alerts.,0.0,Cooling Centre
Cummer Park CC,6000 Leslie St,43.800782,-79.370593,Seasonal — summer heat alert periods,416-395-7803,False,True,False,False,False,,City-operated cooling centre. Open during heat alerts.,0.0,Cooling Centre
Curran Hall CC,277 Orton Park Rd,43.79291,-79.126003,Seasonal — summer heat alert periods,416-396-5156,False,True,False,False,False,,City-operated cooling centre. Open during heat alerts.,0.0,Cooling Centre
Danforth/Coxwell,1675 Danforth Ave,43.683895,-79.321187,Seasonal — summer heat alert periods,416-393-7783,False,True,False,False,False,,City-operated cooling centre. Open during heat alerts.,0.0,Cooling Centre
Davenport,1246 Shaw St,43.674604,-79.428379,Seasonal — summer heat alert periods,416-393-7732,False,True,False,False,False,,City-operated cooling centre. Open during heat alerts.,0.0,Cooling Centre
Dawes Road,416 Dawes Rd,43.701331,-79.296935,Seasonal — summer heat alert periods,416-396-3820,False,True,False,False,False,,City-operated cooling centre. Open during heat alerts.,0.0,Cooling Centre
Deer Park,40 St. Clair Ave E,43.688481,-79.392212,Seasonal — summer heat alert periods,416-393-7657,False,True,False,False,False,,City-operated cooling centre. Open during heat alerts.,0.0,Cooling Centre
Dennis R Timbrell RC,29 St. Dennis Dr,43.718039,-79.331626,Seasonal — summer heat alert periods,416-395-7972,False,True,False,False,False,,City-operated cooling centre. Open during heat alerts.,0.0,Cooling Centre
Domenico DiLuca CC,25 Stanley Rd,43.742542,-79.515857,Seasonal — summer heat alert periods,416-395-6673,False,True,False,False,False,,City-operated cooling centre. Open during heat alerts.,0.0,Cooling Centre
Don Montgomery CRC,2467 Eglinton Ave E,43.733414,-79.262195,Seasonal — summer heat alert periods,416-396-4043,False,True,False,False,False,,City-operated cooling centre. Open during heat alerts.,0.0,Cooling Centre
Douglas Snow Aquatic Centre,5100 Yonge St,43.767328,-79.414759,Seasonal — summer heat alert periods,416-395-7585,False,True,False,False,False,,City-operated cooling centre. Open during heat alerts.,0.0,Cooling Centre
Downsview,2793 Keele St,43.729042,-79.482554,Seasonal — summer heat alert periods,416-395-5720,False,True,False,False,False,,City-operated cooling centre. Open during heat alerts.,0.0,Cooling Centre
Driftwood CC,4401 Jane St,43.765349,-79.518802,Seasonal — summer heat alert periods,416-395-6019,False,True,False,False,False,,City-operated cooling centre. Open during heat alerts.,0.0,Cooling Centre
Dufferin/St.Clair,1625 Dufferin St,43.67697,-79.44267,Seasonal — summer heat alert periods,416-393-7712,False,True,False,False,False,,City-operated cooling centre. Open during heat alerts.,0.0,Cooling Centre
Earl Bales CC,4169 Bathurst St,43.753485,-79.437938,Seasonal — summer heat alert periods,416-395-7873,False,True,False,False,False,,City-operated cooling centre. Open during heat alerts.,0.0,Cooling Centre
East York CC,1081 1/2 Pape Ave,43.678092,-79.344528,Seasonal — summer heat alert periods,416-396-2880,False,True,False,False,False,,City-operated cooling centre. Open during heat alerts.,0.0,Cooling Centre
Eatonville,430 Burnhamthorpe Rd,43.646227,-79.559743,Seasonal — summer heat alert periods,416-394-5270,False,True,False,False,False,,City-operated cooling centre. Open during heat alerts.,0.0,Cooling Centre
Edithvale CC,131 Finch Ave W,43.777195,-79.427091,Seasonal — summer heat alert periods,416-395-6164,False,True,False,False,False,,City-operated cooling centre. Open during heat alerts.,0.0,Cooling Centre
Eglinton Square (Eglinton Square Mall),"1 Eglinton Sq, Unit 126",43.723746,-79.29922,Seasonal — summer heat alert periods,416-396-8920,False,True,False,False,False,,City-operated cooling centre. Open during heat alerts.,0.0,Cooling Centre
Ellesmere CC,20 Canadian Rd,43.759189,-79.299354,Seasonal — summer heat alert periods,416-396-5536,False,True,False,False,False,,City-operated cooling centre. Open during heat alerts.,0.0,Cooling Centre
Elmbank CC,10 Rampart Rd,43.734123,-79.589961,Seasonal — summer heat alert periods,416-394-8671,False,True,False,False,False,,City-operated cooling centre. Open during heat alerts.,0.0,Cooling Centre
Elmbrook Park,2 Elmbrook Cres,43.660122,-79.583883,Seasonal — summer heat alert periods,416-394-5290,False,True,False,False,False,,City-operated cooling centre. Open during heat alerts.,0.0,Cooling Centre
Evelyn Gregory,120 Trowell Ave,43.686052,-79.472244,Seasonal — summer heat alert periods,416-394-1006,False,True,False,False,False,,City-operated cooling centre. Open during heat alerts.,0.0,Cooling Centre
Fairbank Memorial CC,2213 Dufferin St,43.690986,-79.44827,Seasonal — summer heat alert periods,416-394-2473,False,True,False,False,False,,City-operated cooling centre. Open during heat alerts.,0.0,Cooling Centre
Fairmount CC,1757 Gerrard St E,43.676555,-79.314723,Seasonal — summer heat alert periods,416-392-7060,False,True,False,False,False,,City-operated cooling centre. Open during heat alerts.,0.0,Cooling Centre
Falstaff CC,50 Falstaff Ave,43.716287,-79.503255,Seasonal — summer heat alert periods,416-395-7924,False,True,False,False,False,,City-operated cooling centre. Open during heat alerts.,0.0,Cooling Centre
Flemingdon Park,29 St. Dennis Dr,43.718039,-79.331626,Seasonal — summer heat alert periods,416-395-5820,False,True,False,False,False,,City-operated cooling centre. Open during heat alerts.,0.0,Cooling Centre
Flemingdon Park CC,150 Grenoble Dr,43.713689,-79.326289,Seasonal — summer heat alert periods,416-395-0300,False,True,False,False,False,,City-operated cooling centre. Open during heat alerts.,0.0,Cooling Centre
Forest Hill,700 Eglinton Ave W,43.702009,-79.420842,Seasonal — summer heat alert periods,416-393-7706,False,True,False,False,False,,City-operated cooling centre. Open during heat alerts.,0.0,Cooling Centre
Gerrard/Ashdale,1432 Gerrard St E,43.672295,-79.322078,Seasonal — summer heat alert periods,416-393-7717,False,True,False,False,False,,City-operated cooling centre. Open during heat alerts.,0.0,Cooling Centre
Glen Long CC,35 Glen Long Ave,43.708625,-79.45614,Seasonal — summer heat alert periods,416-395-7961,False,True,False,False,False,,City-operated cooling centre. Open during heat alerts.,0.0,Cooling Centre
Goldhawk Park,295 Alton Towers Cir,43.822503,-79.276469,Seasonal — summer heat alert periods,416-396-8964,False,True,False,False,False,,City-operated cooling centre. Open during heat alerts.,0.0,Cooling Centre
Gord & Irene Risk CC,2650 Finch Ave W,43.74732,-79.566491,Seasonal — summer heat alert periods,416-395-7953,False,True,False,False,False,,City-operated cooling centre. Open during heat alerts.,0.0,Cooling Centre
Goulding CC,45 Goulding Ave,43.791493,-79.421158,Seasonal — summer heat alert periods,416-395-0123,False,True,False,False,False,,City-operated cooling centre. Open during heat alerts.,0.0,Cooling Centre
Grandravine CC,23 Grandravine Dr,43.75192,-79.489533,Seasonal — summer heat alert periods,416-395-6171,False,True,False,False,False,,City-operated cooling centre. Open during heat alerts.,0.0,Cooling Centre
Guildwood (Guildwood Plaza),123 Guildwood Pky,43.746971,-79.199147,Seasonal — summer heat alert periods,416-396-8872,False,True,False,False,False,,City-operated cooling centre. Open during heat alerts.,0.0,Cooling Centre
Heron Park CRC,292 Manse Rd,43.768413,-79.175414,Seasonal — summer heat alert periods,416-396-4035,False,True,False,False,False,,City-operated cooling centre. Open during heat alerts.,0.0,Cooling Centre
High Park,228 Roncesvalles Ave,43.645124,-79.448984,Seasonal — summer heat alert periods,416-393-7671,False,True,False,False,False,,City-operated cooling centre. Open during heat alerts.,0.0,Cooling Centre
Highland Creek,3550 Ellesmere Rd,43.789751,-79.175023,Seasonal — summer heat alert periods,416-396-8876,False,True,False,False,False,,City-operated cooling centre. Open during heat alerts.,0.0,Cooling Centre
Hillcrest,5801 Leslie St,43.796601,-79.369526,Seasonal — summer heat alert periods,416-395-5830,False,True,False,False,False,,City-operated cooling centre. Open during heat alerts.,0.0,Cooling Centre
Humber Bay,200 Park Lawn Rd,43.630302,-79.491116,Seasonal — summer heat alert periods,416-394-5300,False,True,False,False,False,,City-operated cooling centre. Open during heat alerts.,0.0,Cooling Centre
Humber Summit,2990 Islington Ave,43.759351,-79.57133,Seasonal — summer heat alert periods,416-395-5840,False,True,False,False,False,,City-operated cooling centre. Open during heat alerts.,0.0,Cooling Centre
Humberwood,850 Humberwood Blvd,43.728735,-79.61946,Seasonal — summer heat alert periods,416-394-5210,False,True,False,False,False,,City-operated cooling centre. Open during heat alerts.,0.0,Cooling Centre
Humberwood CC,850 Humberwood Blvd,43.728735,-79.61946,Seasonal — summer heat alert periods,416-394-5700,False,True,False,False,False,,City-operated cooling centre. Open during heat alerts.,0.0,Cooling Centre
Palmerston,560 Palmerston Ave,43.665043,-79.413809,Seasonal — summer heat alert periods,416-393-7680,False,True,False,False,False,,City-operated cooling centre. Open during heat alerts.,0.0,Cooling Centre
Irving W. Chapley CC,205 Wilmington Ave,43.761603,-79.456022,Seasonal — summer heat alert periods,416-395-0453,False,True,False,False,False,,City-operated cooling centre. Open during heat alerts.,0.0,Cooling Centre
Jane/Dundas,620 Jane St,43.665314,-79.491035,Seasonal — summer heat alert periods,416-394-1014,False,True,False,False,False,,City-operated cooling centre. Open during heat alerts.,0.0,Cooling Centre
Jane/Sheppard,1906 Sheppard Ave W,43.73948,-79.510787,Seasonal — summer heat alert periods,416-395-5966,False,True,False,False,False,,City-operated cooling centre. Open during heat alerts.,0.0,Cooling Centre
John Innes CRC,150 Sherbourne St,43.655492,-79.370084,Seasonal — summer heat alert periods,416-392-6779,False,True,False,False,False,,City-operated cooling centre. Open during heat alerts.,0.0,Cooling Centre
Jones,118 Jones Ave,43.665869,-79.334174,Seasonal — summer heat alert periods,416-393-7715,False,True,False,False,False,,City-operated cooling centre. Open during heat alerts.,0.0,Cooling Centre
Joseph J. Piccininni CRC,1369 St. Clair Ave W,43.675737,-79.45224,Seasonal — summer heat alert periods,416-392-0036,False,True,False,False,False,,City-operated cooling centre. Open during heat alerts.,0.0,Cooling Centre
Kennedy/Eglinton (Liberty Square Shopping Plaza),2380 Eglinton Ave E,43.73229,-79.270418,Seasonal — summer heat alert periods,416-396-8924,False,True,False,False,False,,City-operated cooling centre. Open during heat alerts.,0.0,Cooling Centre
L'Amoreaux CRC,2000 McNicoll Ave,43.81204,-79.30503,Seasonal — summer heat alert periods,416-396-4510,False,True,False,False,False,,City-operated cooling centre. Open during heat alerts.,0.0,Cooling Centre
Lawrence Heights CC,5 Replin Rd,43.718485,-79.44304,Seasonal — summer heat alert periods,416-395-6120,False,True,False,False,False,,City-operated cooling centre. Open during heat alerts.,0.0,Cooling Centre
Leaside,165 McRae Dr,43.705752,-79.36812,Seasonal — summer heat alert periods,416-396-3835,False,True,False,False,False,,City-operated cooling centre. Open during heat alerts.,0.0,Cooling Centre
Lillian H. Smith,239 College St,43.657976,-79.398333,Seasonal — summer heat alert periods,416-393-7746,False,True,False,False,False,,City-operated cooling centre. Open during heat alerts.,0.0,Cooling Centre
Locke,3083 Yonge St,43.724793,-79.401873,Seasonal — summer heat alert periods,416-393-7730,False,True,False,False,False,,City-operated cooling centre. Open during heat alerts.,0.0,Cooling Centre
Long Branch,3500 Lake Shore Blvd W,43.595063,-79.531011,Seasonal — summer heat alert periods,416-394-5320,False,True,False,False,False,,City-operated cooling centre. Open during heat alerts.,0.0,Cooling Centre
Main Street,137 Main St,43.683348,-79.299923,Seasonal — summer heat alert periods,416-393-7700,False,True,False,False,False,,City-operated cooling centre. Open during heat alerts.,0.0,Cooling Centre
Malvern,30 Sewells Rd,43.807898,-79.216093,Seasonal — summer heat alert periods,416-396-8969,False,True,False,False,False,,City-operated cooling centre. Open during heat alerts.,0.0,Cooling Centre
Malvern CRC,30 Sewells Rd,43.807898,-79.216093,Seasonal — summer heat alert periods,416-396-4054,False,True,False,False,False,,City-operated cooling centre. Open during heat alerts.,0.0,Cooling Centre
Maria A. Shchuka,1745 Eglinton Ave W,43.696234,-79.447669,Seasonal — summer heat alert periods,416-394-1000,False,True,False,False,False,,City-operated cooling centre. Open during heat alerts.,0.0,Cooling Centre
Mary McCormick RC,66 Sheridan Ave,43.647438,-79.432853,Seasonal — summer heat alert periods,416-392-0742,False,True,False,False,False,,City-operated cooling centre. Open during heat alerts.,0.0,Cooling Centre
Maryvale (Parkway Plaza),"85 Ellesmere Rd, Unit 16",43.757565,-79.313253,Seasonal — summer heat alert periods,416-396-8931,False,True,False,False,False,,City-operated cooling centre. Open during heat alerts.,0.0,Cooling Centre
Masaryk-Cowan CRC,220 Cowan Ave,43.777791,-79.211597,Seasonal — summer heat alert periods,416-392-6928,False,True,False,False,False,,City-operated cooling centre. Open during heat alerts.,0.0,Cooling Centre
McGregor Park,2219 Lawrence Ave E,43.748653,-79.277392,Seasonal — summer heat alert periods,416-396-8935,False,True,False,False,False,,City-operated cooling centre. Open during heat alerts.,0.0,Cooling Centre
McGregor Park RC,2231 Lawrence Ave E,43.747491,-79.280128,Seasonal — summer heat alert periods,416-396-4023,False,True,False,False,False,,City-operated cooling centre. Open during heat alerts.,0.0,Cooling Centre
Milliken Park CRC,4325 McCowan Rd,43.829879,-79.274265,Seasonal — summer heat alert periods,416-396-7757,False,True,False,False,False,,City-operated cooling centre. Open during heat alerts.,0.0,Cooling Centre
Mitchell Field CC,89 Church Ave,43.774886,-79.408439,Seasonal — summer heat alert periods,416-395-0262,False,True,False,False,False,,City-operated cooling centre. Open during heat alerts.,0.0,Cooling Centre
Morningside,4279 Lawrence Ave E,43.768491,-79.186277,Seasonal — summer heat alert periods,416-396-8881,False,True,False,False,False,,City-operated cooling centre. Open during heat alerts.,0.0,Cooling Centre
Mount Pleasant,599 Mount Pleasant Rd,43.703859,-79.388328,Seasonal — summer heat alert periods,416-393-7737,False,True,False,False,False,,City-operated cooling centre. Open during heat alerts.,0.0,Cooling Centre
New Toronto,110 Eleventh St,43.599659,-79.509661,Seasonal — summer heat alert periods,416-394-5350,False,True,False,False,False,,City-operated cooling centre. Open during heat alerts.,0.0,Cooling Centre
North Kipling CC,2 Rowntree Rd,43.751207,-79.584746,Seasonal — summer heat alert periods,416-394-8679,False,True,False,False,False,,City-operated cooling centre. Open during heat alerts.,0.0,Cooling Centre
North Toronto Memorial CC,200 Eglinton Ave W,43.706927,-79.404523,Seasonal — summer heat alert periods,416-392-6591,False,True,False,False,False,,City-operated cooling centre. Open during heat alerts.,0.0,Cooling Centre
North York Central Library,5120 Yonge St,43.768177,-79.414555,Seasonal — summer heat alert periods,416-395-5535,False,True,False,False,False,,City-operated cooling centre. Open during heat alerts.,0.0,Cooling Centre
Northern District,40 Orchard View Blvd,43.708245,-79.399894,Seasonal — summer heat alert periods,416-393-7610,False,True,False,False,False,,City-operated cooling centre. Open during heat alerts.,0.0,Cooling Centre
Northern Elms,"123B Rexdale Blvd, Unit 5",43.711781,-79.565456,Seasonal — summer heat alert periods,416-394-5230,False,True,False,False,False,,City-operated cooling centre. Open during heat alerts.,0.0,Cooling Centre
Northwood CC,15 Clubhouse Crt,43.745623,-79.500402,Seasonal — summer heat alert periods,416-395-6033,False,True,False,False,False,,City-operated cooling centre. Open during heat alerts.,0.0,Cooling Centre
O'Connor CC,1386 Victoria Park Ave,43.718877,-79.300175,Seasonal — summer heat alert periods,416-395-7957,False,True,False,False,False,,City-operated cooling centre. Open during heat alerts.,0.0,Cooling Centre
Oakdale CC,350 Grandravine Dr,43.747146,-79.514912,Seasonal — summer heat alert periods,416-395-0484,False,True,False,False,False,,City-operated cooling centre. Open during heat alerts.,0.0,Cooling Centre
Oakridge CRC,63 Pharmacy Ave,43.695075,-79.284521,Seasonal — summer heat alert periods,416-338-1966,False,True,False,False,False,,City-operated cooling centre. Open during heat alerts.,0.0,Cooling Centre
Oakwood Village Library and Arts Centre,341 Oakwood Ave,43.686522,-79.438255,Seasonal — summer heat alert periods,416-394-1040,False,True,False,False,False,,City-operated cooling centre. Open during heat alerts.,0.0,Cooling Centre
Oriole CC,2975 Don Mills Rd,43.780266,-79.348717,Seasonal — summer heat alert periods,416-395-7968,False,True,False,False,False,,City-operated cooling centre. Open during heat alerts.,0.0,Cooling Centre
Ourland CC,18 Ourland Ave,43.615545,-79.50789,Seasonal — summer heat alert periods,416-394-8673,False,True,False,False,False,,City-operated cooling centre. Open during heat alerts.,0.0,Cooling Centre
Pape/Danforth,701 Pape Ave,43.678596,-79.344501,Seasonal — summer heat alert periods,416-393-7727,False,True,False,False,False,,City-operated cooling centre. Open during heat alerts.,0.0,Cooling Centre
Parkdale,1303 Queen St W,43.64113,-79.432558,Seasonal — summer heat alert periods,416-393-7686,False,True,False,False,False,,City-operated cooling centre. Open during heat alerts.,0.0,Cooling Centre
Parliament,269 Gerrard St E,43.66183,-79.367981,Seasonal — summer heat alert periods,416-393-7663,False,True,False,False,False,,City-operated cooling centre. Open during heat alerts.,0.0,Cooling Centre
Pelmo Park CC,171 Pellatt Ave,43.714465,-79.520448,Seasonal — summer heat alert periods,416-394-2747,False,True,False,False,False,,City-operated cooling centre. Open during heat alerts.,0.0,Cooling Centre
Perth/Dupont,1589 Dupont St,43.665136,-79.453908,Seasonal — summer heat alert periods,416-393-7677,False,True,False,False,False,,City-operated cooling centre. Open during heat alerts.,0.0,Cooling Centre
Pleasant View,575 Van Horne Ave,43.787698,-79.335553,Seasonal — summer heat alert periods,416-395-5940,False,True,False,False,False,,City-operated cooling centre. Open during heat alerts.,0.0,Cooling Centre
Pleasantview CC,545 Van Horne Ave,43.787005,-79.336964,Seasonal — summer heat alert periods,416-395-6006,False,True,False,False,False,,City-operated cooling centre. Open during heat alerts.,0.0,Cooling Centre
Port Union,5450 Lawrence Ave E,43.779232,-79.138625,Seasonal — summer heat alert periods,416-396-8885,False,True,False,False,False,,City-operated cooling centre. Open during heat alerts.,0.0,Cooling Centre
Port Union RC,5450 Lawrence Ave E,43.779232,-79.138625,Seasonal — summer heat alert periods,416-396-4031,False,True,False,False,False,,City-operated cooling centre. Open during heat alerts.,0.0,Cooling Centre
Queen/Saulter,765 Queen St E,43.659074,-79.347532,Seasonal — summer heat alert periods,416-393-7723,False,True,False,False,False,,City-operated cooling centre. Open during heat alerts.,0.0,Cooling Centre
Regent Park Aquatic Centre,640 Dundas Ave E,43.66065,-79.360562,Seasonal — summer heat alert periods,416-338-2237,False,True,False,False,False,,City-operated cooling centre. Open during heat alerts.,0.0,Cooling Centre
Rexdale,2243 Kipling Ave,43.725871,-79.57346,Seasonal — summer heat alert periods,416-394-5200,False,True,False,False,False,,City-operated cooling centre. Open during heat alerts.,0.0,Cooling Centre
Richview,1806 Islington Ave,43.683608,-79.540796,Seasonal — summer heat alert periods,416-394-5120,False,True,False,False,False,,City-operated cooling centre. Open during heat alerts.,0.0,Cooling Centre
Riverdale,370 Broadview Ave,43.666129,-79.352902,Seasonal — summer heat alert periods,416-393-7720,False,True,False,False,False,,City-operated cooling centre. Open during heat alerts.,0.0,Cooling Centre
Roding CC,600 Roding St,43.729073,-79.492049,Seasonal — summer heat alert periods,416-395-7964,False,True,False,False,False,,City-operated cooling centre. Open during heat alerts.,0.0,Cooling Centre
Runnymede,2178 Bloor St W,43.651975,-79.473923,Seasonal — summer heat alert periods,416-393-7697,False,True,False,False,False,,City-operated cooling centre. Open during heat alerts.,0.0,Cooling Centre
S.Walter Stewart,170 Memorial Park Ave,43.692138,-79.329711,Seasonal — summer heat alert periods,416-396-3975,False,True,False,False,False,,City-operated cooling centre. Open during heat alerts.,0.0,Cooling Centre
Sanderson,327 Bathurst St,43.651184,-79.405548,Seasonal — summer heat alert periods,416-393-7653,False,True,False,False,False,,City-operated cooling centre. Open during heat alerts.,0.0,Cooling Centre
Scadding Court CC,707 Dundas St W,43.651424,-79.404121,Seasonal — summer heat alert periods,416-392-0335,False,True,False,False,False,,City-operated cooling centre. Open during heat alerts.,0.0,Cooling Centre
Scarborough Village RC,3600 Kingston Rd,43.740143,-79.216822,Seasonal — summer heat alert periods,416-396-4048,False,True,False,False,False,,City-operated cooling centre. Open during heat alerts.,0.0,Cooling Centre
Seneca Village RC,1700 Finch Ave E,43.793654,-79.350547,Seasonal — summer heat alert periods,416-395-6011,False,True,False,False,False,,City-operated cooling centre. Open during heat alerts.,0.0,Cooling Centre
Spadina Road,10 Spadina Rd,43.667685,-79.404261,Seasonal — summer heat alert periods,416-393-7666,False,True,False,False,False,,City-operated cooling centre. Open during heat alerts.,0.0,Cooling Centre
St. James Town,495 Sherbourne St,43.667744,-79.374933,Seasonal — summer heat alert periods,416-393-7744,False,True,False,False,False,,City-operated cooling centre. Open during heat alerts.,0.0,Cooling Centre
St. Lawrence,171 Front St E,43.650283,-79.368255,Seasonal — summer heat alert periods,416-393-7655,False,True,False,False,False,,City-operated cooling centre. Open during heat alerts.,0.0,Cooling Centre
St. Lawrence CRC,230 The Esplanade,43.649619,-79.364923,Seasonal — summer heat alert periods,416-392-1347,False,True,False,False,False,,City-operated cooling centre. Open during heat alerts.,0.0,Cooling Centre
St.Clair/Silverthorn,1748 St. Clair Ave W,43.674157,-79.460582,Seasonal — summer heat alert periods,416-393-7709,False,True,False,False,False,,City-operated cooling centre. Open during heat alerts.,0.0,Cooling Centre
Stan Wadlow Clubhouse,373 Cedarvale Ave,43.698166,-79.315131,Seasonal — summer heat alert periods,416-396-2842,False,True,False,False,False,,City-operated cooling centre. Open during heat alerts.,0.0,Cooling Centre
Steeles (Bamburgh Gardens Plaza),"375 Bamburgh Cir, U-C107",43.816085,-79.322501,Seasonal — summer heat alert periods,416-396-8975,False,True,False,False,False,,City-operated cooling centre. Open during heat alerts.,0.0,Cooling Centre
Stephen Leacock RC,2500 Birchmount Rd,43.786649,-79.302492,Seasonal — summer heat alert periods,416-396-4039,False,True,False,False,False,,City-operated cooling centre. Open during heat alerts.,0.0,Cooling Centre
Swansea Memorial,95 Lavinia Ave,43.647632,-79.477978,Seasonal — summer heat alert periods,416-393-7695,False,True,False,False,False,,City-operated cooling centre. Open during heat alerts.,0.0,Cooling Centre
Taylor Memorial,1440 Kingston Rd,43.687755,-79.27096,Seasonal — summer heat alert periods,416-396-8939,False,True,False,False,False,,City-operated cooling centre. Open during heat alerts.,0.0,Cooling Centre
Thistletown CC,925 Albion Rd,43.73536,-79.562366,Seasonal — summer heat alert periods,416-394-8717,False,True,False,False,False,,City-operated cooling centre. Open during heat alerts.,0.0,Cooling Centre
Thorncliffe,48 Thorncliffe Park Dr,43.702901,-79.34258,Seasonal — summer heat alert periods,416-396-3685,False,True,False,False,False,,City-operated cooling centre. Open during heat alerts.,0.0,Cooling Centre
Todmorden Room,1081 1/2 Pape Ave,43.678092,-79.344528,Seasonal — summer heat alert periods,416-396-3875,False,True,False,False,False,,City-operated cooling centre. Open during heat alerts.,0.0,Cooling Centre
Toronto Reference Library,789 Yonge St,43.671791,-79.386815,Seasonal — summer heat alert periods,416-395-5577,False,True,False,False,False,,City-operated cooling centre. Open during heat alerts.,0.0,Cooling Centre
Trace Manes Centennial Bldg,110 Rumsey Rd,43.70555,-79.36731,Seasonal — summer heat alert periods,416-396-2853,False,True,False,False,False,,City-operated cooling centre. Open during heat alerts.,0.0,Cooling Centre
Urban Affairs (Metro Hall),55 John St,43.646029,-79.389133,Seasonal — summer heat alert periods,416-397-7241,False,True,False,False,False,,City-operated cooling centre. Open during heat alerts.,0.0,Cooling Centre
Victoria Village,184 Sloane Ave,43.736279,-79.312599,Seasonal — summer heat alert periods,416-395-5950,False,True,False,False,False,,City-operated cooling centre. Open during heat alerts.,0.0,Cooling Centre
Viewmount CC,169 Viewmount Ave,43.708326,-79.437681,Seasonal — summer heat alert periods,416-395-7961,False,True,False,False,False,,City-operated cooling centre. Open during heat alerts.,0.0,Cooling Centre
Wallace Emerson CC,1260 Dufferin St,43.667344,-79.439532,Seasonal — summer heat alert periods,416-392-0039,False,True,False,False,False,,City-operated cooling centre. Open during heat alerts.,0.0,Cooling Centre
Warden Hilltop Community Centre,25 Mendelssohn St,43.71467,-79.280621,Seasonal — summer heat alert periods,416-392-7640,False,True,False,False,False,,City-operated cooling centre. Open during heat alerts.,0.0,Cooling Centre
Wellesley CC,495 Sherbourne St,43.667744,-79.374933,Seasonal — summer heat alert periods,416-392-0227,False,True,False,False,False,,City-operated cooling centre. Open during heat alerts.,0.0,Cooling Centre
West Rouge CC,270 Rouge Hills Dr,43.79291,-79.126003,Seasonal — summer heat alert periods,416-396-4147,False,True,False,False,False,,City-operated cooling centre. Open during heat alerts.,0.0,Cooling Centre
Weston,2 King St,43.701691,-79.520738,Seasonal — summer heat alert periods,416-394-1016,False,True,False,False,False,,City-operated cooling centre. Open during heat alerts.,0.0,Cooling Centre
Woodside Square (Woodside Square Mall),1571 Sandhurst Cir,43.808893,-79.269855,Seasonal — summer heat alert periods,416-396-8979,False,True,False,False,False,,City-operated cooling centre. Open during heat alerts.,0.0,Cooling Centre
Woodview Park,16 Bradstock Rd,43.739236,-79.538328,Seasonal — summer heat alert periods,416-395-5960,False,True,False,False,False,,City-operated cooling centre. Open during heat alerts.,0.0,Cooling Centre
Wychwood,1431 Bathurst St,43.681952,-79.417816,Seasonal — summer heat alert periods,416-393-7683,False,True,False,False,False,,City-operated cooling centre. Open during heat alerts.,0.0,Cooling Centre
York Woods,1785 Finch Ave W,43.759142,-79.507456,Seasonal — summer heat alert periods,416-395-5980,False,True,False,False,False,,City-operated cooling centre. Open during heat alerts.,0.0,Cooling Centre
Yorkville,22 Yorkville Ave,43.671911,-79.388645,Seasonal — summer heat alert periods,416-393-7660,False,True,False,False,False,,City-operated cooling centre. Open during heat alerts.,0.0,Cooling Centre
Centennial Community Centre,1967 Ellesmere Rd,43.775498,-79.236204,Seasonal — summer heat alert periods,,False,True,False,False,False,,City-operated cooling centre. Open during heat alerts.,0.0,Cooling Centre
Driftwood Community Centre,4401 Jane St,43.765349,-79.518802,Seasonal — summer heat alert periods,,False,True,False,False,False,,City-operated cooling centre. Open during heat alerts.,0.0,Cooling Centre
East York Civic Centre,850 Coxwell Avenue,43.691227,-79.328354,Seasonal — summer heat alert periods,,False,True,False,False,False,,City-operated cooling centre. Open during heat alerts.,0.0,Cooling Centre
Etobicoke Civic Centre,399 The West Mall,43.643502,-79.566094,Seasonal — summer heat alert periods,,False,True,False,False,False,,City-operated cooling centre. Open during heat alerts.,0.0,Cooling Centre
McGregor Community Centre,2231 Lawrence Ave East,43.747491,-79.280128,Seasonal — summer heat alert periods,,False,True,False,False,False,,City-operated cooling centre. Open during heat alerts.,0.0,Cooling Centre
Metro Hall,55 John Street,43.646029,-79.389133,Seasonal — summer heat alert periods,,False,True,False,False,False,,City-operated cooling centre. Open during heat alerts.,0.0,Cooling Centre
North York Civic Centre,5100 Yonge Street,43.767328,-79.414759,Seasonal — summer heat alert periods,,False,True,False,False,False,,City-operated cooling centre. Open during heat alerts.,0.0,Cooling Centre
